filename,reference,doi,DOI Check
Budzien_Liem_STS Research Paper.pdf,"2019 Navigant Autonomous Leaderboard. Society of Automotive Engineers. (2019, March 13). https://www.sae.org/news/2019/03/2019-navigant-autonomous-leaderboard.",,
Budzien_Liem_STS Research Paper.pdf,"D'Costa, K. (2013, April 22). Choice, Control, Freedom and Car Ownership. Retrieved from https://blogs.scientificamerican.com/anthropology-in-practice/choice-control-freedom-an d-car-ownership/",,
Budzien_Liem_STS Research Paper.pdf,"Halterman, R., & Bruch, M. (2010). Velodyne HDL-64E lidar for unmanned surface vehicle obstacle detection. Unmanned Systems Technology XII. doi:10.1117/12.850611",10.1117/12.850611,Valid
Budzien_Liem_STS Research Paper.pdf,"Hawkins, Andrew J. (2020, Oct 5). “Waymo and Cruise Safety Drivers Face a Bleak Choice: Pandemic or Pollution?” The Verge, The Verge, from www.theverge.com/2020/10/5/21473719/waymo-cruise-self-driving-car-backup-safety-d river-pandemic-wildfires-california.",,
Budzien_Liem_STS Research Paper.pdf,"Hughes, Thomas. (1987). “The evolution of large technological systems.” The Social Construction of Technological Systems: New Directions in the Sociology and History of Technology. 51-82.",,
Budzien_Liem_STS Research Paper.pdf,"Humes, E. (2016, April 12). The Absurd Primacy of the Automobile in American Life. Retrieved April 17, 2020, from https://www.theatlantic.com/business/archive/2016/04/absurd-primacy-of-the-car-in-ame rican-life/476346/",,
Budzien_Liem_STS Research Paper.pdf,"Jasanoff, S. (1992). What Judges Should Know About the Sociology of Science. Jurimetrics, 32(3), 345-359.",,
Budzien_Liem_STS Research Paper.pdf,"Kline, Ronald, and Trevor Pinch. (1996). “Users as Agents of Technological Change: The Social Construction of the Automobile in the Rural United States.” Technology and Culture, vol. 37, no. 4.",,
Budzien_Liem_STS Research Paper.pdf,"Lienert, P., & Caspani, M. (2019, April 01). Americans still don't trust self-driving cars, Reuters/Ipsos poll finds. Retrieved April 17, 2020, from https://www.reuters.com/article/us-autos-selfdriving-poll/americans-still-dont-trust-self-d riving-cars-reuters-ipsos-poll-finds-idUSKCN1RD2QS",,
Budzien_Liem_STS Research Paper.pdf,"Lynberg, Matthew (2020, June 15). “Automated Vehicles for Safety.” NHTSA, www.nhtsa.gov/technology-innovation/automated-vehicles-safety.",,
Budzien_Liem_STS Research Paper.pdf,"Oudshoorn, N. E. J., & Pinch, T. (2003). Introduction: How users and non-users matter. In N. E. J.Oudshoorn, & T. Pinch (Eds.), How users matter. The co-construction of users and technology (pp. 1-25). Cambridge, Massachusetts: MIT Press.",,
Budzien_Liem_STS Research Paper.pdf,"“Road Traffic Injuries & Deaths: A Global Problem.” (2019, Dec 18). Centers for Disease Control and Prevention, Centers for Disease Control and Prevention, www.cdc.gov/injury/features/global-road-safety/index.html.",,
Budzien_Liem_STS Research Paper.pdf,"Stewart, E. (2019, May 17). Self-driving cars have to be safer than regular cars. The question is how much. Recode. https://www.vox.com/recode/2019/5/17/18564501/self-driving-car-morals-safety-tesla-w aymo.",,
Budzien_Liem_STS Research Paper.pdf,"Taub, E. A. (2016, September 23). Can Tesla's Autopilot Be Trusted? Not Always. Retrieved from https://www.nytimes.com/2016/09/24/automobiles/autoreviews/can-teslas-autopilot-be-tr usted-not-always.html",,
Budzien_Liem_STS Research Paper.pdf,"Tesla Vehicle Safety Report. Tesla, Inc. (2020, October 23). https://www.tesla.com/VehicleSafetyReport.",,
Budzien_Liem_STS Research Paper.pdf,"Undercoffler, D. (2019, April 18). Survey: Tesla repeats as most-trusted brand for self-driving car. Autolist. https://www.autolist.com/news-and-analysis/survey-tesla-repeats-self-driving-autonomou s-leader.",,
Budzien_Liem_STS Research Paper.pdf,"Wagner M., Koopman P. (2015) A Philosophy for Developing Trust in Self-driving Cars. In: Meyer G., Beiker S. (eds) Road Vehicle Automation 2. Lecture Notes in Mobility. Springer, Cham. https://doi.org/10.1007/978-3-319-19078-5_14",10.1007/978-3-319-19078-5_14,Valid
Budzien_Liem_STS Research Paper.pdf,"Waldrop, M. (2016, February 09). The chips are down for Moore's law. Retrieved October 19, 2020, from https://www.nature.com/news/the-chips-are-down-for-moore-s-law-1.19338",,
Budzien_Liem_Technical Report.pdf,"Baldwin-Philippi, J. (2017). The Myths of Data-Driven Campaigning. Political Communication, 34(4), 627–633. https://doi.org/10.1080/10584609.2017.1372999",10.1080/10584609.2017.1372999,Valid
Budzien_Liem_Technical Report.pdf,"Bond, S. (2020, January 28). 2020 Political Campaigns Are Trying To Avoid A 2016-Style Hack. NPR. https://www.npr.org/2020/01/28/799062773/2020-political-campaigns-are-trying-to-avoi d-a-2016-style-hack.",,
Budzien_Liem_Technical Report.pdf,"Dottle, R., & Pogkas, D. (2020, November 4). Voter Turnout Hits Historic Levels With States Still Counting Votes. Bloomberg. https://www.bloomberg.com/graphics/2020-us-election-voter-turnout/.",,
Budzien_Liem_Technical Report.pdf,"Epstein, R. J. (2020, September 6). Democrats Belatedly Launch Operation to Share Information on Voters. The New York Times. https://www.nytimes.com/2020/09/06/us/politics/Presidential-election-voting-Democrats. html.",,
Budzien_Liem_Technical Report.pdf,"Glazer, E., & Seetharaman, D. (2020, August 28). Democrats Lag Behind GOP in Data Race, Despite Making Progress. The Wall Street Journal. https://www.wsj.com/articles/democrats-lag-behind-gop-in-data-race-despite-making-pro gress-11598615530.",,
Budzien_Liem_Technical Report.pdf,"Goldmacher, S. (2020, September 19). Democrats shatter ActBlue's donation records after Ginsburg's death. The New York Times. https://www.nytimes.com/2020/09/18/us/elections/democrats-shatter-actblues-donation-r ecords-after-ginsburgs-death.html.",,
Budzien_Liem_Technical Report.pdf,"Gratzinger, O. (2020, October 30). Small donors give big money in 2020 election cycle. OpenSecrets.org. https://www.opensecrets.org/news/2020/10/small-donors-give-big-2020-thanks-to-techno logy/.",,
Budzien_Liem_Technical Report.pdf,"Hern, A. (2018, May 6). Cambridge Analytica: how did it turn clicks into votes? The Guardian. https://www.theguardian.com/news/2018/may/06/cambridge-analytica-how-turn-clicks-in to-votes-christopher-wylie.",,
Budzien_Liem_Technical Report.pdf,"Kreiss, D. (2019, April 30). The Democratic advantage in digital, data, and analytics isn't going away easily. The Washington Post. https://www.washingtonpost.com/news/monkey-cage/wp/2015/05/13/the-democratic-adv antage-in-digital-data-and-analytics-isnt-going-away-easily/.",,
Budzien_Liem_Technical Report.pdf,"Kreiss, D., & Jasinski, C. (2016). The Tech Industry Meets Presidential Politics: Explaining the Democratic Party’s Technological Advantage in Electoral Campaigning, 2004– 2012. Political Communication, 33(4), 544–562. https://doi.org/10.1080/10584609.2015.1121941",10.1080/10584609.2015.1121941,Valid
Budzien_Liem_Technical Report.pdf,"Lapowsky, I. (2019, April 2). Inside the Democrats' Plan to Fix Their Crumbling Data Operation. Wired. https://www.wired.com/story/democrats-fix-crumbling-data-operation/.",,
Budzien_Liem_Technical Report.pdf,"Lapowsky, I. (2015, October 28). Political Campaigns Are Wasteful-So Turn Them Into Startups. Wired. https://www.wired.com/2015/10/2016-election-tech/.",,
Budzien_Liem_Technical Report.pdf,"Meko, T., Lu, D., & Gamio, L. (2016, November 11). How Trump won the presidency with razor-thin margins in swing states. The Washington Post. https://www.washingtonpost.com/graphics/politics/2016-election/swing-state-margins/.",,
Budzien_Liem_Technical Report.pdf,"Merrill, J. B. (2016, November 7). Why Facebook Showed You That Ad for the Candidate You Hate. The New York Times. https://www.nytimes.com/2016/11/08/us/politics/facebook-ads-campaign.html.",,
Budzien_Liem_Technical Report.pdf,"Newman, L. H. (2020, February 11). Google's Giving Out Security Keys to Help Protect Campaigns. Wired. https://www.wired.com/story/google-free-security-keys-campaigns/.",,
Budzien_Liem_Technical Report.pdf,"Ratnam, G. (2020, July 29). Republicans and Democrats battle over who has better voter data effort. https://www.rollcall.com/2020/07/29/republicans-and-democrats-battle-over-who-has-bet ter-voter-data-effort/.",,
Budzien_Liem_Technical Report.pdf,"Ryan-Mosley, T. (2020, October 3). The technology that powers the 2020 campaigns, explained. MIT Technology Review. https://www.technologyreview.com/2020/09/28/1008994/the-technology-that-powers-pol itical-campaigns-in-2020-explained/.",,
Budzien_Liem_Technical Report.pdf,"Sullivan, M. (2020, February 3). Trump's data team crushed Democrats in 2016. Can this small startup even the score?Fast Company. https://www.fastcompany.com/90454326/trumps-data-team-crushed-democrats-in-2016-c an-this-small-startup-even-the-score.",,
Carley_Joseph_STS Research Paper.pdf,"Czeskis, A., Dermendjieva, I., Yapit, H., Borning, A., Friedman, B., Gill, B., & Kohno, T. (2010). Parenting from the pocket: Value tensions and technical directions for secure and private parent- teen mobile safety. Proceedings of the Sixth Symposium on Usable Privacy and Security - SOUPS ’10, 1. https://doi.org/10.1145/1837110.1837130",10.1145/1837110.1837130,Valid
Carley_Joseph_STS Research Paper.pdf,"Duarte, R., Mesnard, M., & Nadeau, J.-P. (2017). An innovative design approach to develop external articular medical devices. International Journal on Interactive Design and Manufacturing (IJIDeM), 11(2), 375–383. https://doi.org/10.1007/s12008-016-0341-4",10.1007/s12008-016-0341-4,Valid
Carley_Joseph_STS Research Paper.pdf,"Fischer, X., & Nadeau, J. (2011). Interactive Design: Then and Now. Research in Interactive Design Vol. 3, 1-5. https://doi.org/10.1007/978-2-8178-0169-8_1",10.1007/978-2-8178-0169-8_1,Valid
Carley_Joseph_STS Research Paper.pdf,"Friedman, B., & Hendry, D. G. (2019). Value Sensitive Design: Shaping Technology with Moral Imagination. The MIT Press, 258. https://doi.org/10.7551/mitpress/7585.001.0001",10.7551/mitpress/7585.001.0001,Valid
Carley_Joseph_STS Research Paper.pdf,"Friedman, B., Kahn, P. H., Hagman, J., Severson, R. L., & Gill, B. T. (2006). The Watcher and the Watched: Social Judgments About Privacy in a Public Place. Hum. Comput. Interact. https://doi.org/10.1207/s15327051hci2102_3",10.1207/s15327051hci2102_3,Valid
Carley_Joseph_STS Research Paper.pdf,"Friedman, B., Khan, P. H., & Howe, D. C. (2000). Trust online. Communications of the ACM, 43(12), 34–40. https://doi.org/10.1145/355112.355120",10.1145/355112.355120,Valid
Carley_Joseph_STS Research Paper.pdf,"Kranzberg, M. (1986). Technology and History: “Kranzberg’s Laws.” Technology and Culture, 27(3), 544–560. https://doi.org/10.2307/3105385",10.2307/3105385,Valid
Carley_Joseph_STS Research Paper.pdf,"Langeveld, L. (2011). Product design with embodiment design as a new perspective. Industrial Design - New Frontiers, 121-146. https://doi.org/10.5772/20579",10.5772/20579,Valid
Carley_Joseph_STS Research Paper.pdf,"Olsen, E. C. B. (2007). Evaluation of Human Work (3rd ed.) Edited by John R. Wilson & Nigel Corlett 2005, 1048 pages, $64.95 Boca Raton, FL: Taylor & Francis Group ISBN 0415267579. Ergonomics in Design, 15(2), 31–31. https://doi.org/10.1177/106480460701500211",10.1177/106480460701500211,Valid
Carley_Joseph_STS Research Paper.pdf,"Portnova, A. A., Mukherjee, G., Peters, K. M., Yamane, A., & Steele, K. M. (2018). Design of a 3D- printed, open-source wrist-driven orthosis for individuals with spinal cord injury. PLOS ONE, 13(2), e0193106. https://doi.org/10.1371/journal.pone.0193106",10.1371/journal.pone.0193106,Valid
Carley_Joseph_Technical Report.pdf,"[1] “DuchenneMuscularDystrophy,”NORD(NationalOrganizationfor Rare Disorders). https://rarediseases.org/rare-diseases/duchenne-muscular-dystrophy/ (accessed Dec. 17, 2021).",,
Carley_Joseph_Technical Report.pdf,"[2] S. D. Gasperina et al., “Upper-limb actuated exoskeleton for muscular dystrophy patients: preliminary results,” Annu Int Conf IEEEEngMedBiolSoc,vol.2019,pp.4431–4435,Jul.2019,doi: 10.1109/EMBC.2019.8857725.",10.1109/EMBC.2019.8857725,Valid
Carley_Joseph_Technical Report.pdf,"[3] L. Masia et al., “Soft wearable assistive robotics: exosuits and supernumerary limbs,” Wearable Exoskeleton Systems: Design, control and applications, pp. 219–254, Mar. 2018, doi: 10.1049/PBCE108E_ch10.",10.1049/PBCE108E_ch10,Valid
Carley_Joseph_Technical Report.pdf,"[4] Ikeuchi, Y., Ashihara, J., Hiki, Y., Kudoh, H., Noda, T.: Walking assist device with bodyweight support system. In: IEEE/RSJ International Conference on Intelligent Robots and Systems, pp. 4073–4079, St. Louis, MO, USA (2009)",,
Carley_Joseph_Technical Report.pdf,"[5] Y.Kurita,C.Thakur,andS.Das,“AssistiveSoftExoskeletonswith PneumaticArtificialMuscles,”inHapticInterfacesforAccessibility, Health, and Enhanced Quality of Life, T. McDaniel and S. Panchanathan,Eds.Cham:SpringerInternationalPublishing,2020, pp. 217–242. doi:10.1007/978-3-030-34230-2_8.",10.1007/978-3-030-34230-2_8,Valid
Carley_Joseph_Technical Report.pdf,"[6] C. Thalman and P. Artemiadis, “A reviewofsoftwearablerobots that provide activeassistance:Trends,commonactuationmethods, fabrication, and applications,” WearableTechnology.,vol.1,p.e3, 2020, doi:10.1017/wtc.2020.4.",10.1017/wtc.2020.4,Valid
Carley_Joseph_Technical Report.pdf,"[7] “A Recipe for Soft Fluidic Elastomer Robots | Soft Robotics.” https://www.liebertpub.com/doi/10.1089/soro.2014.0022 (accessed Dec. 17, 2021).",10.1089/soro.2014.0022,Valid
Carley_Joseph_Technical Report.pdf,"[8] S. Das and Y. Kurita, “ForceArm: A Wearable Pneumatic Gel Muscle (PGM)-Based Assistive Suit for the Upper Limb,” IEEE Transactions on Medical Robotics and Bionics, vol. 2, no. 2, pp. 269–281, May 2020, doi:10.1109/TMRB.2020.2990436.",10.1109/TMRB.2020.2990436,Valid
Carley_Joseph_Technical Report.pdf,"[9] S. Lessard, P. Pansodtee, A. Robbins, J. M. Trombadore, S. Kurniawan, and M. Teodorescu, “A Soft Exosuit for Flexible Upper-Extremity Rehabilitation,” IEEE Transactions on Neural Systems and Rehabilitation Engineering, vol. 26, no. 8, pp. 1604–1617, Aug. 2018, doi:10.1109/TNSRE.2018.2854219.",10.1109/TNSRE.2018.2854219,Valid
Carley_Joseph_Technical Report.pdf,"[10] M. A. Gull, S. Bai, and T. Bak, “A Review on Design ofUpper LimbExoskeletons,”Robotics,vol.9,no.1,Art.no.1,Mar.2020, doi:10.3390/robotics9010016.",10.3390/robotics9010016,Valid
Carley_Joseph_Technical Report.pdf,"[11] E.W.Hawkes,D.L.ChristensenandA.M.Okamura,""Designand implementationofa300%strainsoftartificialmuscle,""2016IEEE International Conference on Robotics and Automation (ICRA), 2016, pp. 4022-4029, doi: 10.1109/ICRA.2016.7487592.",10.1109/ICRA.2016.7487592,Valid
Carley_Joseph_Technical Report.pdf,"[12] B.Tondu,“ModellingoftheMcKibbenartificialmuscle:Areview,” 2012, doi:10.1177/1045389X11435435.",10.1177/1045389X11435435,Valid
Carley_Joseph_Technical Report.pdf,"[13] S.Kurumaya,H.Nabae,G.Endo,andK.Suzumori,“Designofthin McKibben muscle and multifilament structure,” Sensors and Actuators A: Physical, vol. 261, pp. 66–74, Jul. 2017, doi: 10.1016/j.sna.2017.04.047.",10.1016/j.sna.2017.04.047,Valid
Carley_Joseph_Technical Report.pdf,"[14] Yukisawa,T.,Ishii,Y.,Nishikawa,S.,Niiyama,R.,&Kuniyoshi,Y.. (2017). Modeling of extensible pneumatic actuator with bellows (EPAB) for continuum arm. https://doi.org/10.1109/robio.2017.8324762",10.1109/robio.2017.8324762,Valid
Carley_Joseph_Technical Report.pdf,"[15] Kanno, T., Ohkura, S., Azami, O., Miyazaki, T., Kawase, T., & Kawashima,K..(2019).ModelofaCoil-ReinforcedCylindricalSoft Actuator. Applied Sciences, 9(10), 2109. https://doi.org/10.3390/app9102109",10.3390/app9102109,Valid
Carley_Joseph_Technical Report.pdf,"[16] Greer, J.D.,Morimoto,T.K.,Okamura,A.M.,&Hawkes,E.W.. (2017).Seriespneumaticartificialmuscles(sPAMs)andapplication to a soft continuum robot.https://doi.org/10.1109/icra.2017.7989648",10.1109/icra.2017.7989648,Valid
Carley_Joseph_Technical Report.pdf,.,,
Kleman_Davis_STS Research Paper.pdf,"Atwell, J. E., Otterloo, J. V., Zipprich, J., Winter, K., Harriman, K., Salmon, D. A., Halsey, N. A., & Omer, S. B. (2013). Nonmedical Vaccine Exemptions and Pertussis in California, 2010. Pediatrics, 132(4), 624–630. https://doi.org/10.1542/peds.2013-0878",10.1542/peds.2013-0878,Valid
Kleman_Davis_STS Research Paper.pdf,"Carrel, M., & Bitterman, P. (2015). Personal Belief Exemptions to Vaccination in California: A Spatial Analysis. Pediatrics, 136(1), 80–88. https://doi.org/10.1542/peds.2015-0831",10.1542/peds.2015-0831,Valid
Kleman_Davis_STS Research Paper.pdf,"DeStefano, F. (2007). Vaccines and Autism: Evidence Does Not Support a Causal Association. Clinical Pharmacology & Therapeutics, 82(6), 756–759. https://doi.org/10.1038/sj.clpt.6100407",10.1038/sj.clpt.6100407,Valid
Kleman_Davis_STS Research Paper.pdf,"Do artifacts (still) have politics? (2019). The Information Society, 35(4), 244–249. https://doi.org/10.1080/01972243.2019.1618058",10.1080/01972243.2019.1618058,Valid
Kleman_Davis_STS Research Paper.pdf,"Durbach, N. (2004). Bodily Matters: The Antivaccination Movement in England, 1853–1907. Duke University Press.",,
Kleman_Davis_STS Research Paper.pdf,"Evrony, A., & Caplan, A. (2017). The overlooked dangers of antivaccination groups’ social media presence. Human Vaccines & Immunotherapeutics, 13(6), 1475–1476. https://doi.org/10.1080/21645515.2017.1283467",10.1080/21645515.2017.1283467,Valid
Kleman_Davis_STS Research Paper.pdf,"Hooker, B. S. (2014). Measles-mumps-rubella vaccination timing and autism among young african american boys: A reanalysis of CDC data. Translational Neurodegeneration, 3, 16. https://doi.org/10.1186/2047-9158-3-16",10.1186/2047-9158-3-16,Valid
Kleman_Davis_STS Research Paper.pdf,"Immunization coverage. (n.d.). Retrieved October 22, 2019, from https://www.who.int/news- room/fact-sheets/detail/immunization-coverage",,
Kleman_Davis_STS Research Paper.pdf,"Layne, L. L. (2000). The Cultural Fix: An Anthropological Contribution to Science and Technology Studies. Science, Technology, & Human Values, 25(3), 352–379. JSTOR.",,
Kleman_Davis_STS Research Paper.pdf,"MacKenzie, D., & Wajcman, J. (1999). The social shaping of technology (D. MacKenzie & J. Wajcman, Eds.). Open University Press. http://mcgraw-hill.co.uk/openup/",,
Kleman_Davis_STS Research Paper.pdf,"Miller, L., & Reynolds, J. (2009). Autism and Vaccination—The Current Evidence. Journal for Specialists in Pediatric Nursing, 14(3), 166–172. https://doi.org/10.1111/j.1744- 6155.2009.00194.x",10.1111/j.1744-6155.2009.00194.x,Valid
Kleman_Davis_STS Research Paper.pdf,"Nickerson, R. S. (n.d.). Confirmation Bias: A Ubiquitous Phenomenon in Many Guises. 46.",,
Kleman_Davis_STS Research Paper.pdf,"Plotkin, S., Gerber, J. S., & Offit, P. A. (2009). Vaccines and Autism: A Tale of Shifting Hypotheses. Clinical Infectious Diseases, 48(4), 456–461. https://doi.org/10.1086/596476",10.1086/596476,Valid
Kleman_Davis_STS Research Paper.pdf,"Ritov, I., & Baron, J. (1990). Reluctance to vaccinate: Omission bias and ambiguity. Journal of Behavioral Decision Making, 3(4), 263–277. https://doi.org/10.1002/bdm.3960030404",10.1002/bdm.3960030404,Valid
Kleman_Davis_STS Research Paper.pdf,"Ruijs, W. L., Hautvast, J. L., Kerrar, S., van der Velden, K., & Hulscher, M. E. (2013). The role of religious leaders in promoting acceptance of vaccination within a minority group: A qualitative study. BMC Public Health, 13, 511. https://doi.org/10.1186/1471-2458-13- 511",10.1186/1471-2458-13-511,Valid
Kleman_Davis_STS Research Paper.pdf,"Shermer, M. (2008). How Anecdotal Evidence Can Undermine Scientific Results. Scientific American. https://www.scientificamerican.com/article/how-anecdotal-evidence-can- undermine-scientific-results/",,
Kleman_Davis_STS Research Paper.pdf,"Stehr-Green, P., Tull, P., Stellfeld, M., Mortenson, P.-B., & Simpson, D. (2003). Autism and thimerosal-containing vaccines: Lack of consistent evidence for an association. American Journal of Preventive Medicine, 25(2), 101–106. https://doi.org/10.1016/S0749- 3797(03)00113-2",10.1016/S0749-,Invalid
Kleman_Davis_STS Research Paper.pdf,"Taylor, L. E., Swerdfeger, A. L., & Eslick, G. D. (2014). Vaccines are not associated with autism: An evidence-based meta-analysis of case-control and cohort studies. Vaccine, 32(29), 3623–3629. https://doi.org/10.1016/j.vaccine.2014.04.085",10.1016/j.vaccine.2014.04.085,Valid
Kleman_Davis_STS Research Paper.pdf,"Wakefield, A. J., Murch, S. H., Anthony, A., Linnell, J., Casson, D. M., Malik, M., Berelowitz, M., Dhillon, A. P., Thomson, M. A., Harvey, P., Valentine, A., Davies, S. E., & Walker- Smith, J. A. (1998). RETRACTED: Ileal-lymphoid-nodular hyperplasia, non-specific colitis, and pervasive developmental disorder in children. The Lancet, 351(9103), 637– 641. https://doi.org/10.1016/S0140-6736(97)11096-0",10.1016/S0140-6736(97,Invalid
Kleman_Davis_STS Research Paper.pdf,"Wolfe, R. M., & Sharp, L. K. (2002). Antivaccinationists past and present. BMJ : British Medical Journal, 325(7361), 430–432.",,
Kleman_Davis_STS Research Paper.pdf,"Zipprich, J., Winter, K., Hacker, J., Xia, D., Watt, J., & Harriman, K. (2015). Measles Outbreak—California, December 2014–February 2015. MMWR. Morbidity and Mortality Weekly Report, 64(6), 153–154.",,
Kleman_Davis_Technical Report.pdf,"Allen, J., Cantin, G., & Haverstock, R. (2015). Process for purifying recombinant Plasmodium falciparum circumsporozoite protein (United States Patent No. US9169304B2). https://patents.google.com/patent/US9169304B2/en?oq=WO+93%2f10152",,
Kleman_Davis_Technical Report.pdf,"Anonymous. (2020). Economic Indicators. Chemical Engineering; New York, 127(2), 56.",,
Kleman_Davis_Technical Report.pdf,"Broadhurst, G. (n.d.). Principles and Practice of Cleaning in Place. 41.",,
Kleman_Davis_Technical Report.pdf,"Buyel, J. F., Gruchow, H. M., & Fischer, R. (2015). Depth Filters Containing Diatomite Achieve More Efficient Particle Retention than Filters Solely Containing Cellulose Fibers. Frontiers in Plant Science, 6. https://doi.org/10.3389/fpls.2015.01134",10.3389/fpls.2015.01134,Valid
Kleman_Davis_Technical Report.pdf,"Chemical Plant and System Operators. (n.d.). Retrieved March 21, 2020, from https://www.bls.gov/oes/2017/may/oes518091.htm",,
Kleman_Davis_Technical Report.pdf,"Chungcharoen, T., Netjaibun, K., Pratabkong, T., Suwannasam, P., & Limmun, W. (2017). Effects of inner angle of bowl, flow rate and speed on the efficiency of glycerol separation from the raw biodiesel using cylindrical bowl centrifuge. Energy Procedia, 138, 405–410. https://doi.org/10.1016/j.egypro.2017.10.184",10.1016/j.egypro.2017.10.184,Valid
Kleman_Davis_Technical Report.pdf,"Cohen, J., Nussenzweig, V., Vekemans, J., & Leach, A. (2010). From the circumsporozoite protein to the RTS,S/AS candidate vaccine. Human Vaccines, 6(1), 90–96. https://doi.org/10.4161/hv.6.1.9677",10.4161/hv.6.1.9677,Valid
Kleman_Davis_Technical Report.pdf,"Collins, K. A., Snaith, R., Cottingham, M. G., Gilbert, S. C., & Hill, A. V. S. (2017). Enhancing protective immunity to malaria with a highly immunogenic virus-like particle vaccine. Scientific Reports, 7. https://doi.org/10.1038/srep46621",10.1038/srep46621,Valid
Kleman_Davis_Technical Report.pdf,"De Wilde, M., Cohen, J., Cohen, J., & BE. (2001). United States Patent: 6169171 - Hybrid protein between CS from plasmodium and HBSAG (Patent No. 6169171). http://patft.uspto.gov/netacgi/nph- Parser?Sect1=PTO2&Sect2=HITOFF&p=1&u=%2Fnetahtml%2FPTO%2Fsearch- bool.html&r=4&f=G&l=50&co1=AND&d=PTXT&s1=6%2C169%2C171&OS=6%2C1 69%2C171&RS=6%2C169%2C171",,
Kleman_Davis_Technical Report.pdf,"Dissolved Oxygen. (n.d.). Retrieved March 18, 2020, from http://www.fao.org/3/AC183E/AC183E04.htm",,
Kleman_Davis_Technical Report.pdf,"Doran, P. (2012). Bioprocess Engineering Principles—2nd Edition. Academic Press. https://www.elsevier.com/books/bioprocess-engineering-principles/doran/978-0-08- 091770-2",,
Kleman_Davis_Technical Report.pdf,Engineering Toolbox. (2017). Density of aqueous solutions of organic substances as sugars and alcohols. https://www.engineeringtoolbox.com/density-aqueous-solution-organic-sugar- alcohol-concentration-d_1954.html,,
Kleman_Davis_Technical Report.pdf,"European Medicines Agency. (2015, July 23). Mosquirix. https://www.ema.europa.eu/en/documents/medicine-outside-eu/mosquirix-public- assessment-report_en.pdf",,
Kleman_Davis_Technical Report.pdf,"Foquet, L., Hermsen, C. C., van Gemert, G.-J., Van Braeckel, E., Weening, K. E., Sauerwein, R., Meuleman, P., & Leroux-Roels, G. (2014). Vaccine-induced monoclonal antibodies targeting circumsporozoite protein prevent Plasmodium falciparum infection. The Journal of Clinical Investigation, 124(1), 140–144. https://doi.org/10.1172/JCI70349",10.1172/JCI70349,Valid
Kleman_Davis_Technical Report.pdf,"GlaxoSmithKline. (2016, February). Fact Sheet: RTS,S malaria vaccine candidate (Mosquirix). https://www.malariavaccine.org/files/content/page/files/RTSS%20vaccine%20candidate %20Factsheet_FINAL.pdf",,
Kleman_Davis_Technical Report.pdf,"Global Pumps. (n.d.). List of typical viscosities. Retrieved March 20, 2020, from https://www.globalpumps.com.au/list-of-typical-viscosities",,
Kleman_Davis_Technical Report.pdf,"Green, D. D. W., & Southard, D. M. Z. (2019). Perry’s Chemical Engineers’ Handbook, 9th Edition. McGraw-Hill Education: New York, Chicago, San Francisco, Athens, London, Madrid, Mexico City, Milan, New Delhi, Singapore, Sydney, Toronto. /content/book/9780071834087",,
Kleman_Davis_Technical Report.pdf,"Hagman, A., Säll, T., & Piškur, J. (2014). Analysis of the yeast short-term Crabtree effect and its origin. The FEBS Journal, 281(21), 4805–4814. https://doi.org/10.1111/febs.13019",10.1111/febs.13019,Valid
Kleman_Davis_Technical Report.pdf,"How Long Does it Take to Fill a Reverse Osmosis Storage Tank? (n.d.). ESPWaterProducts.Com. Retrieved April 16, 2020, from https://www.espwaterproducts.com/blog/how-long-does-it-take-to-fill-a-reverse-osmosis- storage-tank/",,
Kleman_Davis_Technical Report.pdf,"Kovárová-Kovar, K., & Egli, T. (1998). Growth kinetics of suspended microbial cells: From single-substrate-controlled growth to mixed-substrate kinetics. Microbiology and Molecular Biology Reviews, 62(3), 646–666.",,
Kleman_Davis_Technical Report.pdf,"Langley, K. E., Bitter, G. A., Sachdev, R. K., & Fieschko, J. C. (1993). A hepatitis b vaccine formulation incorporating a bile acid salt (World Intellectual Property Organization Patent No. WO1993005811A1). https://patents.google.com/patent/WO1993005811A1/en",,
Kleman_Davis_Technical Report.pdf,"Liposome Preparation—Avanti® Polar Lipids. (n.d.). Sigma-Aldrich. Retrieved March 18, 2020, from https://www.sigmaaldrich.com/technical-documents/articles/biology/liposome- preparation.html",,
Kleman_Davis_Technical Report.pdf,"Margreiter, G., Messner, P., Caldwell, K. D., & Bayer, K. (2008). Size characterization of inclusion bodies by sedimentation field-flow fractionation. Journal of Biotechnology, 138(0), 67–73. https://doi.org/10.1016/j.jbiotec.2008.07.1995",10.1016/j.jbiotec.2008.07.1995,Valid
Kleman_Davis_Technical Report.pdf,"Mattile, J., & Parkka, M. (n.d.). Design Considerations for WFI Distillation Systems Part 1. ISPE | International Society for Pharmaceutical Engineering. Retrieved December 10, 2019, from https://ispe.org/pharmaceutical-engineering/ispeak/design-considerations-wfi- distillation-systems-part-1",,
Kleman_Davis_Technical Report.pdf,"Millipore, E. (2009). Millipore Millistak+ Pod Disposable Depth Filtration System Data Sheet. https://beta- static.fishersci.com/content/dam/fishersci/en_US/documents/programs/scientific/technica l-documents/data-sheets/emd-millipore-millistak-pod-disposable-data-sheet.pdf",,
Kleman_Davis_Technical Report.pdf,"Moreira, V. S. F. D., Alhadeff, E. M., Gimenes, M. A. P., & Pereira, N. (2014). Evaluation of the agitation effective power in aerated and non-aerated systems for yeast and filamentous fungus suspensions. https://www.semanticscholar.org/paper/Evaluation-of-the-Agitation- Effective-Power-in-and-Moreira- Alhadeff/3f859b1c41d25299de4c977382cd9d4a28733206/figure/7",,
Kleman_Davis_Technical Report.pdf,"Ness, T. E. (2016). Should the malaria vaccine (Mosquirix) be implemented as a routine immunization for children in Nigeria? 6.",,
Kleman_Davis_Technical Report.pdf,"Papagianni, M., Boonpooh, Y., Mattey, M., & Kristiansen, B. (2007). Substrate inhibition kinetics of Saccharomyces cerevisiae in fed-batch cultures operated at constant glucose and maltose concentration levels. Journal of Industrial Microbiology & Biotechnology, 34(4), 301–309. https://doi.org/10.1007/s10295-006-0198-9",10.1007/s10295-006-0198-9,Valid
Kleman_Davis_Technical Report.pdf,"Patel, N. (2018, November 21). Figure of the week: Understanding poverty in Africa. Brookings. https://www.brookings.edu/blog/africa-in-focus/2018/11/21/figure-of-the-week- understanding-poverty-in-africa/",,
Kleman_Davis_Technical Report.pdf,"Petrides, D. (2015). BioProcess Design and Economics, 2nd Edition. https://www.researchgate.net/publication/306253307_BioProcess_Design_and_Economi cs_2nd_Edition",,
Kleman_Davis_Technical Report.pdf,"Prpich, G. (2019). Oxygen Transfer, Lecture 17.",,
Kleman_Davis_Technical Report.pdf,"Rolfe, M. D., Rice, C. J., Lucchini, S., Pin, C., Thompson, A., Cameron, A. D. S., Alston, M., Stringer, M. F., Betts, R. P., Baranyi, J., Peck, M. W., & Hinton, J. C. D. (2012). Lag phase is a distinct growth phase that prepares bacteria for exponential growth and involves transient metal accumulation. Journal of Bacteriology, 194(3), 686–701. https://doi.org/10.1128/JB.06112-11",10.1128/JB.06112-11,Valid
Kleman_Davis_Technical Report.pdf,Sartorius Stedim. (2018). BIOSTAT STR®—Stirred Tank Single-Use Bioreactor. Sartorius. https://www.sartorius.com/en/products/fermentation-bioreactors/single-use- bioreactors/biostat-str-flexsafe-str,,
Kleman_Davis_Technical Report.pdf,Sartorius Stedim. (2019). KSep® 6000S System | Sartorius. https://www.sartorius.com/shop/us/en/usd/bioprocess-products-and-services-filtration- and-purification-technologies-harvesting-centrifugation-systems/ksep%C2%AE-6000s- system/p/KSEP6000S,,
Kleman_Davis_Technical Report.pdf,"Shaeiwitz, J. A., & Turton, R. (2017). Chemical Process Equipment Design. Prentice Hall.",,
Kleman_Davis_Technical Report.pdf,"Spiden, E. M., Scales, P. J., Kentish, S. E., & Martin, G. J. O. (2013). Critical analysis of quantitative indicators of cell disruption applied to Saccharomyces cerevisiae processed with an industrial high pressure homogenizer. Biochemical Engineering Journal, 70, 120–126. https://doi.org/10.1016/j.bej.2012.10.008",10.1016/j.bej.2012.10.008,Valid
Kleman_Davis_Technical Report.pdf,Tosoh Bioscience. (2015a). Ion Exchange Chromatography. https://www.separations.asia.tosohbioscience.com/File%20Library/TBJS/Lit_EN/Catalog /Medias/Cat2_IEX.pdf,,
Kleman_Davis_Technical Report.pdf,Tosoh Bioscience. (2015b). TOYOPEARL Butyl-650. https://www.separations.eu.tosohbioscience.com/solutions/process-media-products/by- mode/hic/toyopearl-butyl-650,,
Kleman_Davis_Technical Report.pdf,"Vieira, É. D., da Graça Stupiello Andrietta, M., & Andrietta, S. R. (2013). Yeast biomass production: A new approach in glucose-limited feeding strategy. Brazilian Journal of Microbiology, 44(2), 551–558. https://doi.org/10.1590/S1517-83822013000200035",10.1590/S1517-83822013000200035,Valid
Kleman_Davis_Technical Report.pdf,World Health Organization. (2018). Malaria. WHO; World Health Organization. https://www.who.int/ith/diseases/malaria/en/,,
Kleman_Davis_Technical Report.pdf,World Health Organization. (2019). Fact sheet about Malaria. https://www.who.int/news- room/fact-sheets/detail/malaria,,
Liu_Haotian_STS Research Paper.pdf,"Feitelson, Dror G., et al (2013). Development and Deployment at Facebook. IEEE Internet Computing, vol. 17, no. 4, pp. 8-17, July-Aug. 2013, doi: 10.1109/MIC.2013.25. Atlassian (2020). What is Software Development? Retrieved May 7, 2020, from https://www.atlassian.com/software-development",10.1109/MIC.2013.25,Valid
Liu_Haotian_STS Research Paper.pdf,"Petersen, Kai, et al (2010). The effect of moving from a plan-driven to an incremental software development approach with agile practices. Retrieved May 5, 2020, from https://link.springer.com/article/10.1007/s10664-010-9136-6",10.1007/s10664-010-9136-6,Valid
Liu_Haotian_STS Research Paper.pdf,"Beck, Kent, et al (2001). Manifesto for Agile Software Development. Retrieved October 28, 2019, from http://agilemanifesto.org/",,
Liu_Haotian_STS Research Paper.pdf,"Dingsøyr, Torgeir, et al (2012). A decade of agile methodologies: Towards explaining agile software development. Retrieved October 29, 2019, from https://reader.elsevier.com/reader/sd/pii/S0164121212000532?token=63097B9B21147C8 122D7BF0C3150BBF348BE88254B4BDF9251A7969F65E4FCDE10FDBDEE293AAF D983B6F38593728B3A",,
Liu_Haotian_STS Research Paper.pdf,"Callon, Michel (1986). Some Elements of a Sociology of Translation: Domestication of the Scallops and the Fishermen of St Brieuc Bay. John Law (ed.), Power, Action and Belief: A New Sociology of Knowledge (London: Routledge & Kegan Paul).",,
Liu_Haotian_STS Research Paper.pdf,"Dingsøyr, Torgeir, et al (2010). Agile Software Development: An Introduction and Overview. Retrieved October 28, 2019, from https://www.researchgate.net/publication/234274661_Agile_Software_Development_An_Intro duction_and_Overview",,
Liu_Haotian_STS Research Paper.pdf,"Duc et al (2016). Minimum Viable Product or Multiple Facet Product? The Role of MVP in Software Startups. Retrieved October 29, 2019, from https://link.springer.com/chapter/10.1007/978-3-319-33515-5_10",10.1007/978-3-319-33515-5_10,Valid
Liu_Haotian_STS Research Paper.pdf,"Bass, Julian (2014). Scrum Master Activities: Process Tailoring in Large Enterprise Projects. Retrieved October 29, 2019, from https://ieeexplore.ieee.org/abstract/document/6915249",,
Liu_Haotian_STS Research Paper.pdf,"Murdoch, J. (1997). Inhuman/Nonhuman/Human: Actor-Network Theory and the Prospects for a Nondualistic and Symmetrical Perspective on Nature and Society. Environment and Planning D: Society and Space, 15(6), 731–756. https://doi.org/10.1068/d150731",10.1068/d150731,Valid
Liu_Haotian_STS Research Paper.pdf,"levels.fyi (2020). About Facebook. Retrieved May 6, 2020, from https://www.levels.fyi/salary/Facebook/SE/E3/",,
Liu_Haotian_STS Research Paper.pdf,"Saltan, Andrey (2018). Engineering and Business Aspects of SaaS Model Adoption: Insights from a Mapping Study. Retrieved March 9, 2020, from https://tutcris.tut.fi/portal/files/17801463/SiBW2018.pdf#page=126",,
Liu_Haotian_STS Research Paper.pdf,"DoubleThink News (2020). DoubleThink News | About us. Retrieved May 5, 2020, from https://doublethinks.com/about",,
Liu_Haotian_STS Research Paper.pdf,"Y. Zhang et al (2010). Agile Model-Driven Development in Practice. IEEE Software, vol. 28, no. 2, pp. 84-91, March-April 2011, doi: 10.1109/MS.2010.85.",10.1109/MS.2010.85,Valid
Liu_Haotian_STS Research Paper.pdf,"Santhoshkumar, P. (2017). Changes in Necessities Trade after Migrating to the SaaS Model. Retrieved March 9, 2020, from https://www.irjet.net/archives/V4/i11/IRJET-V4I11233.pdf",,
Liu_Haotian_STS Research Paper.pdf,"Ma, Dan (2007). The Business Model of “Software-As-A-Service”. Retrieved March 6, 2020, from https://ieeexplore.ieee.org/abstract/document/4278733",,
Liu_Haotian_STS Research Paper.pdf,"O’Reilly, Tim (2005). What is Web 2.0? Design patterns and business models for the next generation of software. Retrieved March 6, 2020, from https://www.oreilly.com/pub/a/web2/archive/what-is-web-20.html",,
Liu_Haotian_STS Research Paper.pdf,"Latour, B. (1997). On actor-network theory: A few clarifications. Retrieved March 6, 2020, from http://www.bruno-latour.fr/sites/default/files/P-67%20ACTOR-NETWORK.pdf",,
Liu_Haotian_STS Research Paper.pdf,Appendix: in-person interview questions,,
Liu_Haotian_STS Research Paper.pdf,In-person interview questions are selected as a subset from a list of interview questions as,,
Liu_Haotian_STS Research Paper.pdf,follow: 1. How do you like your company’s Agile method? How does it sharpen / impede you technical / interpersonal skills? 2. How do you like your company’s (traditional) software development method? How does it sharpen / impede your technical / interpersonal skills? 3. How does the software development method of your company / team affect your initial decision to join the company / team? Does it impact your decision at all? 4. How do you think your company’s current approach can be improved? What’s not to like about it? 5. How do your colleagues like about your team / company’s software development methodology? 6. What is your ideal software development workflow? 7. What would you say to your manager during an one-on-one about the team / company’s current software development method?,,
Osborne_Ben_STS Research Paper (1).pdf,ACA (n.d.) American College of Rheumatology. Pharmacy Benefit Managers Are Driving Up Drug Costs for Patients. (n.d.). www.rheumatology.org/Portals/0/Files/Issue-Brief- Pharmacy-Benefit-Manager-Transparency.pdf.,,
Osborne_Ben_STS Research Paper (1).pdf,Altarum Institute (2015). A Ten Year Projection of the Prescription Drug Share of National Health Expenditures Including Non-Retail. altarum.org/sites/default/files/ uploaded- publication-files/Non-Retail%20Rx%20Forecast%20Data%20Brief_with%20 Addendum.pdf.,,
Osborne_Ben_STS Research Paper (1).pdf,AAM (2020). Association for Accessible Medicines. Abuse of the Patent System Is Keeping Drug Prices High for Patients. accessiblemeds.org/campaign/abuse-patent-system- keeping-drug-prices-high-patients,,
Osborne_Ben_STS Research Paper (1).pdf,"Aitken, M. (2017, May). Medicine Use and Spending in the U.S. structurecms-staging- psyclone.netdna-ssl.com/client_assets/dwonk/media/attachments/590c/6aa0/6970/2d2d/ 4182/0000/590c6aa069702d2d41820000.pdf?1493985952.",,
Osborne_Ben_STS Research Paper (1).pdf,"Aitken, M., Berndt, E. R., Cutler, D., Kleinrock, M., & Maini, L. (2016). Has the Era of Slow Growth for Prescription Drug Spending Ended? Health Affairs (Project Hope), 35(9), 1595–1603. doi.org/10.1377/hlthaff.2015.1636.",10.1377/hlthaff.2015.1636,Valid
Osborne_Ben_STS Research Paper (1).pdf,"American Hospital Association (2017). Improving Care for High-Need, High-Cost Patients. www.hpoe.org/Reports-HPOE/2017/improving-care-for-high-need-high-cost- patients.pdf.",,
Osborne_Ben_STS Research Paper (1).pdf,"Are prescription drug costs out of control? (2016, July 20). Drugcostfacts.Org. www. drugcost facts.org/us-healthcare-spending.",,
Osborne_Ben_STS Research Paper (1).pdf,"Berkot, B. (2017). Pfizer CEO says no need to alter its drug pricing practices. Reuters. www.reuters.com/article/us-pfizer-results-idUSKBN15F1B9",,
Osborne_Ben_STS Research Paper (1).pdf,"Branning, G., & Vater, M. (2016). Healthcare Spending: Plenty of Blame to Go Around. American Health & Drug Benefits, 9(8), 445-47.",,
Osborne_Ben_STS Research Paper (1).pdf,Bristol-Myers Had Largest Proportion of Operating Expenses Going Toward R&D in 2018 (%). (2019). S&P Global Market Intelligence.,,
Osborne_Ben_STS Research Paper (1).pdf,"Brown, J., Fazzari, S., & Peterson, B. (2008, April 12). Financing Innovation and Growth: Cash Flow, External Equity, and the 1990s R&D Boom. Journal of Finance. papers. ssrn.com/ sol3/papers.cfm?abstract_id=1000382.",,
Osborne_Ben_STS Research Paper (1).pdf,"Campbell, H. (2019, Oct. 3). The Truth about the Marketing and Promotion of Medicines. Phrma.org. catalyst.phrma.org/the-truth-about-the-marketing-and-promotion-of- medicines. 15",,
Osborne_Ben_STS Research Paper (1).pdf,"Charles Ornstein, T. W. (2019, Oct. 17). We Found Over 700 Doctors Who Were Paid More Than a Million Dollars by Drug and Medical Device Companies ProPublica. www.propublica.org/article/we-found-over-700-doctors-who-were-paid-more-than-a- million-dollars-by-drug-and-medical-device-companies.",,
Osborne_Ben_STS Research Paper (1).pdf,"Davari, M., Khorasani, E., & Tigabu, B. M. (2018). Factors Influencing Prescribing Decisions of Physicians: A Review. Ethiopian Journal of Health Sciences, 28(6), 795–804. doi.org/10.4314/ejhs.v28i6.15.",10.4314/ejhs.v28i6.15,Valid
Osborne_Ben_STS Research Paper (1).pdf,"Drettwan, J. J., & Kjos, A. L. (2019). An Ethical Analysis of Pharmacy Benefit Manager (PBM) Practices. Pharmacy: Journal of Pharmacy Education and Practice, 7(2). doi. org/10.3390/pharmacy7020065.",10.3390/pharmacy7020065,Valid
Osborne_Ben_STS Research Paper (1).pdf,Drug Price Negotiations & Rebates (n.d.). PCMA. www.pcmanet.org/policy-issues/drug-price- negotiations-rebates-2.,,
Osborne_Ben_STS Research Paper (1).pdf,"Drug Pricing in America: A Prescription for Change, Part II, Senate (2019). www.finance. senate.gov.",,
Osborne_Ben_STS Research Paper (1).pdf,"Emanuel, E.J. (2018). The Real Cost of the U.S. Health Care System. JAMA, 319(10), 983-85. doi.org/10.1001/jama.2018.1151.",10.1001/jama.2018.1151,Valid
Osborne_Ben_STS Research Paper (1).pdf,"Engelberg, A. (2019, Feb. 28). A Shortfall in Innovation Is the Cause of High Drug Prices Health Affairs. www.healthaffairs.org/do/10.1377/hblog20190228.636555/full.",10.1377/hblog20190228.636555/full,Invalid
Osborne_Ben_STS Research Paper (1).pdf,"Gerard Anderson (2017, April 3). Examining the rising costs of prescription drugs in the U.S., and possible alternatives. The Hub. hub.jhu.edu/2017/04/03/drug-pricing-health-policy- expert-gerard-anderson.",,
Osborne_Ben_STS Research Paper (1).pdf,"Grow, K. (2019, Sep. 19). AHIP Issues Statement on House Speaker Nancy Pelosi’s Drug Pricing Plan. AHIP. www.ahip.org/ahip-issues-statement-on-house-speaker-nancy- pelosis-drug-pricing-plan.",,
Osborne_Ben_STS Research Paper (1).pdf,"Haren, M.C., & McConnell, K. (2009). Patient Cost-Sharing on the Rise: Results from the Benefit Design Index. American Health and Drug Benefits, 2(2), 70-77.",,
Osborne_Ben_STS Research Paper (1).pdf,"Hinsdale, J. (2019). Report 5 of the Council on Medical Service (A-19) (no. 19). American Medical Association. www.ama-assn.org/system/files/2019-07/a19-cms-report-5.pdf.",,
Osborne_Ben_STS Research Paper (1).pdf,"How Are Prescription Drug Prices Determined? (2019, April 9). American Medical Association. www.ama-assn.org/delivering-care/public-health/how-are-prescription-drug-prices- determined.",,
Osborne_Ben_STS Research Paper (1).pdf,"How Big Pharma Plays Games to Manipulate the System & Pad Profits (2019, July 29). AHIP. www.ahip.org/the-house-playing-itself/. 16",,
Osborne_Ben_STS Research Paper (1).pdf,"Kaiser Health Tracking Poll: November 2016 (2016, Nov.). Henry J. Kaiser Family Foundation. files.kff.org/attachment/Kaiser-Health-Tracking-Poll-Nov.-2016-Topline.",,
Osborne_Ben_STS Research Paper (1).pdf,"Kaiser Health Tracking Poll: September 2016 (2016, Sep.). Henry J. Kaiser Family Foundation. files.kff.org/attachment/Kaiser-Health-Tracking-Poll-Sep.-2016.",,
Osborne_Ben_STS Research Paper (1).pdf,"Kamal, R., McDermott, D., & Cox, C. (2019, Dec. 20). How Has U.S. Spending on Healthcare Changed Over Time? Peterson-Kaiser Health System Tracker. www.health systemtracker.org/chart-collection/u-s-spending-healthcare-changed-time.",,
Osborne_Ben_STS Research Paper (1).pdf,"Kennedy, J. (2019). The Link Between Drug Prices and Research on the Next Generation of Cures. Information Technology and Innovation Foundation. itif.org/publications/ 2019/09/09/link-between-drug-prices-and-research-next-generation-cures.",,
Osborne_Ben_STS Research Paper (1).pdf,"Kesselheim, A.S., Avorn, J., & Sarpatwari, A. (2016). The High Cost of Prescription Drugs in the United States: Origins and Prospects for Reform. JAMA, 316(8), 858-71. doi.org/10.1001/jama.2016.11237.",10.1001/jama.2016.11237,Valid
Osborne_Ben_STS Research Paper (1).pdf,"Lee, M. (2014, June 25). The Benefits of IP in the Biotech and Pharmaceutical Industries. www.uspto.gov/about-us/news-updates/benefits-ip-biotech-and-pharmaceutical- industries.",,
Osborne_Ben_STS Research Paper (1).pdf,"Lovelace, B. (2019, July 30). Eli Lilly CEO to 2020 candidates: Capping drug prices would not lead to lower health-care costs. CNBC. www.cnbc.com/2019/07/30/eli-lilly-ceo-david- ricks-drug-price-caps-will-not-lower-health-costs.html",,
Osborne_Ben_STS Research Paper (1).pdf,"Lovelace, B. (2020, Jan. 16). Pharma Execs Pitch Ideas at #JPM20 to Lower Drug Costs. None of Them Include Dropping Their Own Prices. CNBC. www.cnbc.com/2020/01/ 16/at- jpm-big-pharma-execs-insist-high-drug-costs-are-not-their-fault.html.",,
Osborne_Ben_STS Research Paper (1).pdf,"Moreno, S.G., & Epstein, D. (2019). The price of innovation: The role of drug pricing in financing pharmaceutical innovation. A conceptual framework. Journal of Market Access & Health Policy, 7(1). doi.org/10.1080/20016689.2019.1583536.",10.1080/20016689.2019.1583536,Valid
Osborne_Ben_STS Research Paper (1).pdf,"Morse, S. (2019, Feb. 8). High Drug Prices: Who’s Really to Blame? Healthcare Finance News. www.healthcarefinancenews.com/news/high-drug-prices-whos-really-blame.",,
Osborne_Ben_STS Research Paper (1).pdf,Out-of-Pocket Costs—HealthCare.gov Glossary. (n.d.). HealthCare.Gov. www.healthcare.gov/ glossary/out-of-pocket-costs.,,
Osborne_Ben_STS Research Paper (1).pdf,"Overpatented, Over Priced: How Excessive Pharmaceutical Patenting is Extending Monopolies and Driving up Drug Prices. (2019). Initiative for Medicines, Access, and Knowledge. www.i-mak.org/wp-content/uploads/2018/08/I-MAK-Overpatented-Overpriced- Report.pdf. 17",,
Osborne_Ben_STS Research Paper (1).pdf,"Patients for Affordable Drugs. (2019, Sep. 25). Patients to Congress: Let Medicare Negotiate. Patients for Affordable Drugs. www.patientsforaffordabledrugs.org/2019/09/ 25/let- medicare-negotiate-2.",,
Osborne_Ben_STS Research Paper (1).pdf,"PBMs Will Save Health Plan Sponsors and Consumers More Than $1 Trillion on Prescription Drugs. (2020, Feb. 19). PCMA. www.pcmanet.org/pbms-will-save-health-plan-sponsors- and-consumers-more-than-1-trillion-on-prescription-drugs.",,
Osborne_Ben_STS Research Paper (1).pdf,"Popa, C., Holvoet, K., Van Montfort, T., Groeneveld, F., & Simoens, S. (2018). Risk-Return Analysis of the Biopharmaceutical Industry as Compared to Other Industries. Frontiers in Pharmacology, 9. doi.org/10.3389/fphar.2018.01108.",10.3389/fphar.2018.01108,Valid
Osborne_Ben_STS Research Paper (1).pdf,"Public’s Views of Tax Reform and other Domestic Issues (2017, Sep.). Politico. www.politico.com/f/?id=0000015e-a4d7-d873-adfe-bdd740140000.",,
Osborne_Ben_STS Research Paper (1).pdf,"Shoaib, Z., Woleben, J., & Gibney, M. (2019, March 5). Big Pharma Spends Up to 31% of Expenses in R&D to Justify Price of Medicines. www.spglobal.com/market intelligence/en/news-insights/latest-news-headlines/50306210.",,
Osborne_Ben_STS Research Paper (1).pdf,"Shouldn’t the U.S. Government Do More to Regulate High Drug Prices? (2016, July 20). BIO / MRP. www.drugcostfacts.org/drug-pricing-regulations.",,
Osborne_Ben_STS Research Paper (1).pdf,"Too-Cozy Relationship Between Drugmakers and Doctors (2019, Nov. 18). AHIP. www.ahip.org/the-too-cozy-relationship-between-drugmakers-and-doctors/",,
Osborne_Ben_STS Research Paper (1).pdf,Understanding Drug Tiers (2019). Patient Advocate Foundation. www.patientadvocate. org/explore-our-resources/understanding-health-insurance/understanding-drug-tiers.,,
Osborne_Ben_STS Research Paper (1).pdf,"van der Gronde, T., Uyl-de Groot, C. A., & Pieters, T. (2017). Addressing the challenge of high- priced prescription drugs in the era of precision medicine: A systematic review of drug life cycles, therapeutic drug markets and regulatory frameworks. PLoS ONE, 12(8). doi.org/10.1371/journal.pone.0182613.",10.1371/journal.pone.0182613,Valid
Osborne_Ben_STS Research Paper (1).pdf,"Wineinger, N. E., Zhang, Y., & Topol, E. J. (2019). Trends in Prices of Popular Brand-Name Prescription Drugs in the United States. JAMA Network Open, 2(5), e194791–e194791. doi.org/10.1001/jamanetworkopen.2019.4791.",10.1001/jamanetworkopen.2019.4791,Valid
Osborne_Ben_Technical Report (1).pdf,"1. Bishop, C., Thewlis, D., & Hillier, S. Custom foot orthoses improve first-step pain in individuals with unilateral plantar fasciopathy: A pragmatic randomised controlled trial. BMC Musculoskeletal Disorders, 2018; 19. https://doi.org/10.1186/s12891-018-2131-6",10.1186/s12891-018-2131-6,Valid
Osborne_Ben_Technical Report (1).pdf,"2. Crawford, F., Atkins, D., & Edwards, J. Interventions for treating plantar heel pain. The Foot, 2001; 11(4): 228–250. https://doi.org/10.1054/foot.2002.0689",10.1054/foot.2002.0689,Valid
Osborne_Ben_Technical Report (1).pdf,"3. Crawford, F., & Thomson, C. E. Interventions for treating plantar heel pain. Cochrane Database of Systematic Reviews, 2003; (3). https://doi.org/10.1002/14651858.CD000416",10.1002/14651858.CD000416,Valid
Osborne_Ben_Technical Report (1).pdf,"4. Nahin, R. L. Prevalence and Pharmaceutical Treatment of Plantar Fasciitis in United States Adults. The Journal of Pain: Official Journal of the American Pain Society, 2018; 19(8): 885–896. https://doi.org/10.1016/j.jpain.2018.03.003",10.1016/j.jpain.2018.03.003,Valid
Osborne_Ben_Technical Report (1).pdf,"5. Schwartz, E. N., & Su, J. Plantar Fasciitis: A Concise Review. The Permanente Journal, 2014; 18(1): e105–e107. https://doi.org/10.7812/TPP/13-113",10.7812/TPP/13-113,Valid
Osborne_Ben_Technical Report (1).pdf,"6. Rolian, C., Lieberman, D. E., Hamill, J., Scott, J. W., & Werbel, W. Walking, running and the evolution of short toes in humans. Journal of Experimental Biology, 2009; 212(5): 713–721. https://doi.org/10.1242/jeb.019885",10.1242/jeb.019885,Valid
Osborne_Ben_Technical Report (1).pdf,"7. Stevenson, B. Plantar Fasciitis: An illustrated explanation of why your foot hurts. Retrieved from Why Things Hurt website: http://www.whythingshurt.com/plantar- fasciitis-an-illustrated-explanation-of-why- your-foot-hurts/. Accessed November 5, 2019.",,
Osborne_Ben_Technical Report (1).pdf,"8. Hawke, F., Burns, J., Radford, J. A., & Du Toit, V. Custom‐made foot orthoses for the treatment of foot pain. Cochrane Database of Systematic Reviews, 2008; (3). https://doi.org/10.1002/14651858.CD006801. pub2",10.1002/14651858.CD006801.pub2,Valid
Osborne_Ben_Technical Report (1).pdf,"9. Albert, S., & Rinoie, C. Effect of custom orthotics on plantar pressure distribution in the pronated diabetic foot. The Journal of Foot and Ankle Surgery : Official Publication of the American College of Foot and Ankle Surgeons, 1994; 33(6): 598–604.",,
Osborne_Ben_Technical Report (1).pdf,"10. Kane, J. M., Jung, B.-J., Kajon, M., et al, inventors. Foot Innovations LLC, assignee. United States Patent No. US20160331071A1. November 17, 2016. Retrieved from https://patents.google.com/patent/US2016033 1071A1/en",,
Osborne_Ben_Technical Report (1).pdf,"11. Naemi, R., & Chockalingam, N. Development of a method for quantifying the midsole reaction model parameters. Computer Methods in Biomechanics and Biomedical Engineering, 2013; 16(12): 1273–1277. https://doi.org/10.1080/10255842.2012.66679 5",10.1080/10255842.2012.666795,Valid
Osborne_Ben_Technical Report (1).pdf,"12. Barela AMF, de Freitas PB, Celestino ML, Camargo MR, Barela JA. Ground reaction forces during level ground walking with body weight unloading. Braz J Phys Ther. 2014; 18(6): 572-579. doi:10.1590/bjpt- rbf.2014.0058",10.1590/bjpt-rbf.2014.0058,Valid
Osborne_Ben_Technical Report (1).pdf,"13. Pi-Sunyer, F.X., Becker, D., Bouchard, C., Carleton, R., Colditz, G., Dietz, W., et al. Clinical Guidelines on the Identification, Evaluation, and Treatment of Overweight and Obesity in Adults. National Heart, Lung, and Blood Institute; 1998.",,
Osborne_Ben_Technical Report (1).pdf,"14. Stewart S, Dalbeth N, Vandal A, Rome K. Spatiotemporal gait parameters and plantar pressure distribution during barefoot walking in people with gout and asymptomatic hyperuricemia: Comparison with healthy individuals with normal serum urate concentrations. J Foot Ankle Surg. 2016;9. doi:10.1186/s13047-016-0147-4",10.1186/s13047-016-0147-4,Valid
Osborne_Ben_Technical Report (1).pdf,"15. Kothekar, V., Prudden, G., Jackson, K., van Niekerk, W., Sigel, K., & Knott, C. (Eds.). Biomechanical Assessment of Foot and Ankle. Physiopedia. 2019. Retrieved from https://www.physio- pedia.com/Biomechanical_Assessment_of_Fo ot_and_Ankle.",,
Osborne_Ben_Technical Report (1).pdf,"16. Lythgo N, Wilson C, Galea M. Basic gait and symmetry measures for primary school-aged children and young adults whilst walking barefoot and with shoes. Gait Posture. 2009;30(4):502-506. doi:10.1016/j.gaitpost.2009.07.119",10.1016/j.gaitpost.2009.07.119,Valid
Osborne_Ben_Technical Report (1).pdf,"17. Chiu M-C, Wu H-C, Chang L-Y. Gait speed and gender effects on center of pressure progression during normal walking. Gait Posture. 2013; 37(1):43-48. doi:10.1016/j.gaitpost.2012.05.030",10.1016/j.gaitpost.2012.05.030,Valid
Osborne_Ben_Technical Report (1).pdf,"18. Chiu M-C, Wu H-C, Chang L-Y, Wu M-H. Center of pressure progression characteristics under the plantar region for elderly adults. Gait Posture. 2013;37(3):408-412. doi:10.1016/j.gaitpost.2012.08.010",10.1016/j.gaitpost.2012.08.010,Valid
Osborne_Ben_Technical Report (1).pdf,"19. Depositphotos, Inc. Male Muscles. Depositphotos. https://depositphotos.com/stock- photos/muscle-anatomy.html. Accessed April 24, 2020.",,
Osborne_Ben_Technical Report (1).pdf,"20. Healthwise Staff. Foot Problems Checklist. Metro Health Hospital. https://metrohealth.net/healthwise/foot- problems-checklist/. Published 2019. Accessed April 24, 2020.",,
Rhodes_Carl_STS Research Paper.pdf,"Alamar, B. (2013). Sports analytics: A guide for coaches, managers, and other decision makers. New York, New York: Columbia University Press.",,
Rhodes_Carl_STS Research Paper.pdf,"Ames, C. (1992). Classrooms: goals, structures, and student motivation. Journal of Educational Psychology, 84(3), 261–271.",,
Rhodes_Carl_STS Research Paper.pdf,"Armour, K. (2010), The Learning Coach ... the Learning Approach: Professional Development for Sports Coach Professionals, in: Lyle, J. and Cushion, C., eds. Sports Coaching: Professionalization and Practice, Elsevier, London, 153-164.",,
Rhodes_Carl_STS Research Paper.pdf,"Bačić, Boris (2012), Connectionist methods for data analysis and modelling of human motion in sporting activities, openrepository.aut.ac.nz/handle/10292/5421",,
Rhodes_Carl_STS Research Paper.pdf,"Beedie, C. (2007), Placebo Effects in Competitive Sport: Qualitative Data, Journal Sports Sci Med. 6(1): 21–28. www.ncbi.nlm.nih.gov/pmc/articles/PMC3778695/",,
Rhodes_Carl_STS Research Paper.pdf,"Berri, D. J., Leeds, M. A., Leeds, E. M., & Mondello, M. (2009). The role of managers in team performance. International Journal of Sport Finance, 4, 75–93.",,
Rhodes_Carl_STS Research Paper.pdf,"Berry, C., & Fowler, A. (2019), “Do Coaches Matter.” Sloan Sports Conference, www.sloansportsconference.com/wp-content/uploads/2019/02/Do-Coaches-Matter.pdf.",,
Rhodes_Carl_STS Research Paper.pdf,"Boren, C. (2015), Charles Barkley really, REALLY hates NBA analytics, Washington Post, www.washingtonpost.com/news/early-lead/wp/2015/02/11/charles-barkley-really-really- hates-nba-analytics/",,
Rhodes_Carl_STS Research Paper.pdf,"Bornn, L., Ward, P., Norman, D. (2019), Training Schedule Confounds the Relationship between Acute:Chronic Workload Ratio and Injury, Sloan Sports Conference, www.sloansportsconference.com/wp-content/uploads/2019/02/Training-Schedule- Confounds-the-Relationship-between-Acute-Chronic-Workload-Ratio-and-Injury.pdf",,
Rhodes_Carl_STS Research Paper.pdf,"Chotiner, Isaac (June 2019), “Jalen Rose Has a Problem with Basketball Analytics.” The New Yorker, www.newyorker.com/news/q-and-a/jalen-rose-has-a-problem-with-basketball- analytics.",,
Rhodes_Carl_STS Research Paper.pdf,"Coles, Phillip (2017), An injury prevention pyramid for elite sports teams, British Journal of Sports Medicine; dx.doi.org/10.1136/bjsports-2016-096697",10.1136/bjsports-2016-096697,Valid
Rhodes_Carl_STS Research Paper.pdf,"Curtis, Bryan, (Feb. 2015), “Moneyball II: Charles Barkley, the Sports Media, and the Second Statistical War.” Grantland, grantland.com/the-triangle/moneyball-advanced-statistics- charles-barkley-sports-media-daryl-morey-al-leiter-rob-neyer-nba-mlb-nfl-nhl/ 13",,
Rhodes_Carl_STS Research Paper.pdf,"Duda, J.L., & Whitehead, J. (2016). Toward quality not quantity in sport motivation. In J. Lambert & J. Wallis (eds), Becoming a sports coach (pp.110–121). Abingdon: Routledge.",,
Rhodes_Carl_STS Research Paper.pdf,"Gilchrist, Megan and Mallett, Clifford J. (2017), The theory (SDT) behind effective coaching. The psychology of sports coaching: research and practice. Edited by Richard Thelwell, Chris Harwood and Iain Greenlees. Abingdon, United Kingdom: Routledge/Taylor and Francis .38-53. doi.org/10.4324/9781315689210",10.4324/9781315689210,Valid
Rhodes_Carl_STS Research Paper.pdf,"Goff, B. (2013), Contributions of managerial levels: Comparing MLB and NFL. Managerial and Decision Economics, 34, 428–436. doi.org/10.1002/mde.2604",10.1002/mde.2604,Valid
Rhodes_Carl_STS Research Paper.pdf,"Horn, T. S. (2008), ‘Coaching effectiveness in the sport domain’, in T. S. Horn (ed.) Advances in Sport Psychology, 3rd ed., Champaign, IL: Human Kinetics.",,
Rhodes_Carl_STS Research Paper.pdf,"Hulin, B.T., Gabbett, T.J., Blanch, P., Chapman, D., Orchard, J.W. (2014). Spikes in acute workload are associated with increased injury risk in elite cricket fast bowlers. British Journal of Sports Medicine 48(8): 708-712.",,
Rhodes_Carl_STS Research Paper.pdf,"Hunter, Leah (2014), How Sports Data Analytics Is Upsetting the Game All Over Again, Fast Company, www.fastcompany.com/3033324/how-sports-data-analytics-is-upsetting-the- game-all-over-again",,
Rhodes_Carl_STS Research Paper.pdf,"Janke, A (2019). Sports Is Now Science. How Did That Happen? www.bu.edu/articles/2019/ sports-analytics",,
Rhodes_Carl_STS Research Paper.pdf,"Jayal A., McRobert, A., Oatley, G., O'Donoghue, P. (2018), Sports Analytics: Analysis, Visualization and Decision Making in Sports Performance. London: Routledge doi.org/10.4324/9781315222783",10.4324/9781315222783,Valid
Rhodes_Carl_STS Research Paper.pdf,"Jones, Robyn L. (2009), Coaching as caring (the smiling gallery): accessing hidden knowledge, Physical Education and Sport Pedagogy, 14:4, 377-390, doi.org/10.1080/ 17408980 8019765",,
Rhodes_Carl_STS Research Paper.pdf,"Jowett, S. (May 2017). Coaching effectiveness: The coach–athlete relationship at its heart, Science Direct, www.sciencedirect.com/science/article/pii/S2352250X16301415",,
Rhodes_Carl_STS Research Paper.pdf,"Jowett, S., & Ntoumanis, N. (2004). The coach–athlete relationship questionnaire (CART-Q): Development and initial validation. Scandinavian Journal of Medicine and Science in Sports, 14(4), 245–257.",,
Rhodes_Carl_STS Research Paper.pdf,"Keim, D., Kohlhammer, J., Ellis, G. and Mansmann, F. (2010), Mastering the information age: Solving problems with visual analytics, Goslar: Eurographics Association. 14",,
Rhodes_Carl_STS Research Paper.pdf,"Kuehn, J. (2016), Accounting for Complementary Skill Sets When Evaluating NBA Players’ Values to a Specific Team, Sloan Sports Conference, www.sloansportsconference. com/wp-content/uploads/2016/02/1425-Basketball.pdf",,
Rhodes_Carl_STS Research Paper.pdf,"Kurtzman, Joseph (2005), Economic impact: sport tourism and the city, Journal of Sport Tourism, doi.org/10.1080/14775080500101551",10.1080/14775080500101551,Valid
Rhodes_Carl_STS Research Paper.pdf,"Le, H., Carr, P., Yue, Y., Lucey, P. (2017), Data-Driven Ghosting using Deep Imitation Learning, Sloan Sports Conference www.sloansportsconference.com/wp- content/uploads/2017/02/1671-2.pdf",,
Rhodes_Carl_STS Research Paper.pdf,"Legg, E., Newland, A., Bigelow, R. (2018), Somebody’s Eyes are Watching: The Impact of Coaching Observations on Empowering Motivational Climates and Positive Youth Development. Journal of Park and Recreation Administration, doi.org/10.18666/JPRA- 2018-V36-I4-8885",10.18666/JPRA-,Invalid
Rhodes_Carl_STS Research Paper.pdf,"Leopold, G. (Aug. 2018). Inside baseball: Instinctive player says data makes baseball (more) 'boring'. www.datanami.com/2018/08/09/inside-baseball-instinctive-player-says-data- makes-baseball-more-boring/",,
Rhodes_Carl_STS Research Paper.pdf,"Li, R.T., Kling, S.R., Salata, M.J., Cupp, S.A., Sheehan, J., & Voos, J.E. (2015). Wearable Performance Devices in Sports Medicine. Sports Health, 8(1), 74–78. doi.org/10.1177/ 1941738115616917",,
Rhodes_Carl_STS Research Paper.pdf,"Mageau, G.A., & Vallerand, R.J. (2003). The coach–athlete relationship: a motivational model. Journal of Sports Sciences, 21, 883–904.",,
Rhodes_Carl_STS Research Paper.pdf,"Meenaghan, T. & O’Sullivan, P. (2013), Metrics in sponsorship research – is credibility an issue? Psychology & Marketing, 30 (5), pp. 408-416, doi.org/10.1002/mar.20615",10.1002/mar.20615,Valid
Rhodes_Carl_STS Research Paper.pdf,"Miller, T.W. (2016) Sports analytics and data science: Winning the game with methods and models, Old Tappan, N.J.: Pearson Education Inc.",,
Rhodes_Carl_STS Research Paper.pdf,"Millington, B., & Millington, R. (2015). The datafication of everything: Toward a sociology of sport and big data. Sociology of Sport Journal, 32(2), 140-160. doi.org/10.1123/ssj.2014- 0069",10.1123/ssj.2014-0069,Valid
Rhodes_Carl_STS Research Paper.pdf,"Mortensen, J. & Bornn, L. (2019), From Markov models to Poisson point processes: Modeling movement in the NBA, Sloan Sports Conference, www.sloansportsconference.com/wp- content/uploads/2019/02/Markov-Models-1.pdf",,
Rhodes_Carl_STS Research Paper.pdf,"Nistala, A., & Guttag, J. (2019), Using Deep Learning to Understand Patterns of Player Movement in the NBA, Sloan Sports Conference, www.sloansportsconference.com/wp- content/uploads/2019/02/Using-Deep-Learning-to-Understand-Patterns-of-Player- Movement-in-the-NBA.pdf 15",,
Rhodes_Carl_STS Research Paper.pdf,"Pensgaard, A.M., & Roberts, G.C. (2002). Elite athletes’ experiences of the motivational climate: The coach matters. Scandinavian Journal of Medicine & Science in Sports, 12, 54–59.",,
Rhodes_Carl_STS Research Paper.pdf,"Pollakoff, B. (2014), Stan Van Gundy questions integrity of advanced statistical data at MIT Sloan Sports Analytics Conference, nba.nbcsports.com/2014/03/01/stan-van-gundy- questions-integrity-of-advanced-statistical-data-at-sloan-sports-analytics-conference/",,
Rhodes_Carl_STS Research Paper.pdf,"Righter, Ron (2019), It's a Game Changer: Sports Analytics in Higher Education, blogs.sas.com/ content/sascom/2019/03/13/its-a-game-changer-sports-analytics-in-higher-education/",,
Rhodes_Carl_STS Research Paper.pdf,"Roberts, G.C. (1992). Motivation in sport and exercise: conceptual constraints and convergence. In G.C. Roberts (ed), Motivation in sport and exercise (pp. 3–29). Champaign, IL: Human Kinetics.",,
Rhodes_Carl_STS Research Paper.pdf,"Sheinin, Dave (2018), Billy Beane Is Witnessing Moneyball's Endgame: 'we're All Valuing the Same Things', Washington Post, www.washingtonpost.com/news/sports/wp/2018/02/ 16/billy-beane-is-witnessing-moneyballs-endgame-were-all-valuing-the-same- things/?noredirect=on",,
Rhodes_Carl_STS Research Paper.pdf,"Springer, Shira, (May 2014), “Sports Wearables Are the Wave of the Future” Boston Globe, www3.bostonglobe.com/sports/2014/05/24/sports-wearables-are-wave-future/4gwNDN BYxPCEkD4h9yYf8K/story.html?arc404=true.",,
Rhodes_Carl_STS Research Paper.pdf,"Sunnergren, T. (Jan. 2014). IPop: How Big Data Will Transform Coaching in the NBA. Bleacher Report, bleacherreport.com/articles/1934273-ipop-how-big-data-will-transform- coaching-in-the-nba",,
Rhodes_Carl_STS Research Paper.pdf,"Talukder, H., Vincent, T., Foster, G., Hu, C., Huerta, J., Kumar, A., Malazarte, M., Saldana, D., Simpson, S. (2016), “Preventing in-game injuries for NBA players,” Sloan Sports Conference, www.sloansportsconference.com/wp-content/uploads/2016/02/1590- Preventing-in-game-injuries-for-NBA-players.pdf",,
Rhodes_Carl_STS Research Paper.pdf,"Tichy, W. (2016, May). Changing the Game: Dr. Dave Schrader on sports analytics, Ubiquity dl.acm.org/doi/10.1145/2933230",10.1145/2933230,Valid
Rhodes_Carl_STS Research Paper.pdf,"Trolio, M., Bouchet, A., Urban, T., Sutton, W. (2015), Perception, reality, and the adoption of business analytics: Evidence from North American professional sport organizations, Omega, Volume 59, Part A, 2016, Pages 72-83, doi.org/10.1016/j.omega.2015.05.011.",10.1016/j.omega.2015.05.011,Valid
Rhodes_Carl_STS Research Paper.pdf,"Vargas-Mendoza, N., Fregoso-Aguilar T., Madrigal-Santillán, E., Morales-González, A., and Morales-González, J. (Sep. 2018), Ethical Concerns in Sport: When the Will to Win Exceed the Spirit of Sport www.mdpi.com/2076-328X/8/9/78/htm",,
Rhodes_Carl_STS Research Paper.pdf,"Vigdor, Neil (Feb 2020), “The Houston Astros Cheating Scandal Explained.” The New York Times, www.nytimes.com/article/astros-cheating.html. 16",,
Rhodes_Carl_STS Research Paper.pdf,"Wiener, E. & Curry, R. (1980), Flight-deck automation: promises and problems, Ergonomics, 23:10, 995-1011, ntrs.nasa.gov/archive/nasa/casi.ntrs.nasa.gov/19900004068.pdf",,
Rhodes_Carl_STS Research Paper.pdf,"Wilbon, M. (May 2016), Mission impossible: African-Americans & Analytics, theundefeated. com/features/mission-impossible-african-americans-analytics/",,
Rhodes_Carl_STS Research Paper.pdf,"Wilson, M. A., Cushion, C. J., & Stephens, D. E. (2006). “Put me in coach ... I’m better than you think I am!” Coaches’ perceptions of their expectations in youth sport. International Journal of Sports Science and Coaching, 1, 149–161.",,
Rhodes_Carl_STS Research Paper.pdf,"Wolf, C., & Floyd, S. W. (2017). Strategic Planning Research: Toward a Theory-Driven Agenda. Journal of Management, 43(6), 1754–1788. doi.org/10.1177/0149206313478185",10.1177/0149206313478185,Valid
Rhodes_Carl_Technical Report.pdf,"[1] “Sports Analytics Market”, Market Watch, July 1, 2019. Accessed on: April 8, 2020 [Online]. Available: https://www.marketwatch.com/press-release/sports-analytics- market-2019-industry-news-by-revenue-business-growth-top- key-players-update-industry-demand-share-global-trend- business-statistics-and-research-methodology-by-forecast-to- 2024-2019-07-01 [2] “Sports Analytics Market”, Markets and Markets, January 2020. Accessed on: April 8, 2020 [Online]. Available: https://www.marketsandmarkets.com/Market-Reports/sports- analytics-market-35276513.html [3] “Guide to Choosing a Sports Analytics Degree”, Discover Data Science. Accessed on: April 8, 2020 [Online]. Available: https://www.discoverdatascience.org/related-programs/sports- analytics/ [4] “Research”, Gatorade Sports Science Institute. Accessed on: April 8, 2020 [Online]. Available: https://www.gssiweb.org/en/research/All [5] “Mission”, Sports Analytics Club Program. Accessed on: April 8, 2020 [Online]. Available: https://www.sacpinc.com/mission [6] “Sports Analytics Conference”, MIT SLOAN, March 7, 2020. Accessed on April 8, 2020 [Online]. Available: sloansportsconference.com [7] B. Harris, Changing the Game: How Data Analytics is Upending Baseball, Knowledge at Wharton, February 21, 2019. Accessed on: April 8, 2020 [Online]. Available: https://knowledge.wharton.upenn.edu/article/analytics-in- baseball/ [8] A. Breer, Analytics and the NFL: Finding Strength in Numbers, Sports Illustrated, June 27, 2017. Accessed on: April 8, 2020 [Online]. Available: https://www.si.com/nfl/2017/06/27/nfl- analytics-what-nfl-teams-use-pff-stats-llc-tendencies-player- tracking-injuries-chip-kelly [9] “How NBA Analytics is Changing Basketball”, Merrimack College, February 20, 2018. Accessed on: April 9, 2020 [Online]. Available: https://onlinedsa.merrimack.edu/nba- analytics-changing-basketball/ [10] “The Great Analytics Rankings”, ESPN, February 23, 2015. Accessed on: April 9, 2020 [Online]. Available: http://www.espn.com/espn/feature/story?_slug_=the-great- analytics-rankings&id=12331388&redirected=true [11] “Sport Management Student Organizations”, Falk College Syracuse University. Accessed on: April 9, 2020 [Online]. Available: https://falk.syr.edu/sport-management/student- organizations/ [12] “Research| U-M ESSI”, Exercise & Sport Science Initiative University of Michigan. Accessed on: April 9, 2020 [Online]. Available: https://essi.umich.edu/research/ [13] “MSBC 2019”, Michigan Sport Business Conference. Accessed on: April 9, 2020 [Online]. Available: http://umsbc.com/conference2019/ [14] J.F. Drazan, “Bio-mechanists can revolutionize the STEM pipeline by engaging youth athletes in sports-science based STEM outreach” J Biomech, 2020. Accessed on: April 14, 2020. [Online]. Doi: 10.1016/j.jbiomech.2019.109511 [15] W.T. Scherer, “Creating K-12 Interest in Data Science with Case-Based Learning and Systems Thinking via Sports Analytics, unpublished paper, School of Engineering and Applied Sciences, The University of Virginia, 2020. [16] T. McManus, Eagles provide roadmap to analytics-driven future of NFL, ESPN, September 11, 2019. Accessed on: April 9, 2020 [Online]. Available: https://www.espn.com/blog/philadelphia- eagles/post/_/id/27697/eagles-provide-roadmap-to-analytics- driven-future-of-nfl 6",10.1016/j.jbiomech.2019.109511,Valid
Rhodes_Carl_Technical Report.pdf,"[17] T. Kepner, The Rise and Sudden Fall of the Houston Astros, January 18, 2020. Accessed on: April 9, 2020 [Online]. Available: https://www.nytimes.com/2020/01/18/sports/houston-astros- cheating.html",,
Rhodes_Carl_Technical Report.pdf,"[18] M. Cain, I Was the Fastest Girl in America, Until I Joined Nike, November 7, 2020. Accessed on: April 9, 2020 [Online]. Available:https://www.nytimes.com/2019/11/07/opinion/nike- running-mary-cain.html",,
Rhodes_Carl_Technical Report.pdf,"[19] M. Snyder, Michigan finalizes Nike contract for up to $173.8 million, Detroit Free Press, April 26, 2016. Accessed on April 14, 2020 [Online]. Available: https://www.freep.com/story/sports/college/university- michigan/wolverines/2016/04/26/michigan-nike- contract/83533954/",,
Rhodes_Carl_Technical Report.pdf,"[20] E. Morgulev, O. H. Azar, R. Lidor, Sports analytics and the big- data era., International Journal of Data Science and Analytics, January 9, 2018. Accessed on: April 15, 2020 [Online]. Doi: https://doi.org/10.1007/s41060-017-0093-7",10.1007/s41060-017-0093-7,Valid
Rhodes_Carl_Technical Report.pdf,"[21] J. Corscadden et al., ""Developing analytical tools to impact UVa. football performance,"" 2018 Systems and Information Engineering Design Symposium (SIEDS), Charlottesville, VA, 2018, pp. 249-254. doi: 10.1109/SIEDS.2018.8374746 URL: http://ieeexplore.ieee.org/stamp/stamp.jsp?tp=&arnumber=8374 746&isn umber=8374713",10.1109/SIEDS.2018.8374746,Valid
Rhodes_Carl_Technical Report.pdf,"[22] G. Beckwith et al., ""Systems Analysis for University of Virginia Football Recruiting and Performance,"" 2019 Systems and Information Engineering Design Symposium (SIEDS), Charlottesville, VA, USA, 2019, pp. 1-6. doi: 10.1109/SIEDS.2019.8735611 URL: http://ieeexplore.ieee.org/stamp/stamp.jsp?tp=&arnumber=8735 611&isn umber=8735585",10.1109/SIEDS.2019.8735611,Valid
Rhodes_Carl_Technical Report.pdf,"6 [23] H. Elkins et al., ""Implementing data analytics for UVa. Football,"" 2017 Systems and Information Engineering Design Symposium (SIEDS), Charlottesville, VA, 2017, pp. 202-207. URL: http://ieeexplore.ieee.org/stamp/stamp.jsp?tp=&arnumber=7937 717&isn umber=7937692 [24] K. Peng et al., ""Predictive analytics for University of Virginia football recruiting,"" 2018 Systems and Information Engineering Design Symposium (SIEDS), Charlottesville, VA, 2018, pp. 243-248. doi: 10.1109/SIEDS.2018.8374745 URL: http://ieeexplore.ieee.org/stamp/stamp.jsp?tp=&arnumber=8374 745&isn umber=8374713 [25] D.R. Seshadri, R.T. Li, J.E. Voos, J.R. Rowbottom, C.M. Alfes, C.A. Zorman, C.K. Drummond, “Wearable sensors for monitoring the internal and external workload of the athlete” NPJ Digital Med., July 29, 2019. Accessed on: April 14, 2020. [Online]. Doi: 10.1038/s41746-019-0149-2 AUTHOR INFORMATION Jacqueline Hoege, Maryanna Lansing, Sarah Nelson, Daniel Ungerleider, Rishab Iyer, Carl Rhodes, Ben Metzger, Peter Worcester, Aniket Chandra, Jacob Leonard, Rachel Kreitzer, William Scherer: Department of Engineering Systems and Environment, University of Virginia",10.1109/SIEDS.2018.8374745,Valid
STS Research Paper (1).pdf,"Banister, Judith. “China's Manufacturing Employment and Hourly Labor Compensation, 2002-2009.” U.S. Bureau of Labor Statistics, US BLS, 7 June 2013, www.bls.gov/fls/china_method.htm.",,
STS Research Paper (1).pdf,"Bhatraju, Pavan. “COVID-19 in Critically Ill Patients in the Seattle Region.” The New England Journal of Medicine, NEJM, www.nejm.org/doi/pdf/10.1056/NEJMoa2004500?articleTools=true.",10.1056/NEJMoa2004500?articleTools=true,Invalid
STS Research Paper (1).pdf,"“Cases in U.S.” Centers for Disease Control and Prevention, Centers for Disease Control and Prevention, 24 Apr. 2020, www.cdc.gov/coronavirus/2019-ncov/cases-updates/cases-in-us.html.",,
STS Research Paper (1).pdf,"Chandler, David L. “MIT-Based Team Works on Rapid Deployment of Open-Source, Low-Cost Ventilator.” MIT News, 26 Mar. 2020, news.mit.edu/2020/ventilator-covid-deployment-open- source-low-cost-0326.",,
STS Research Paper (1).pdf,"Hernandez, Richard. “The Fall of Employment in the Manufacturing Sector : Monthly Labor Review.” U.S. Bureau of Labor Statistics, U.S. Bureau of Labor Statistics, 1 Aug. 2018, www.bls.gov/opub/mlr/2018/beyond-bls/the-fall-of-employment-in-the-manufacturing- sector.htm.",,
STS Research Paper (1).pdf,"“HHS Announces Ventilator Contract with GE Under Defense Production Act.” HHS.gov, US Department of Health and Human Services, 16 Apr. 2020, www.hhs.gov/about/news/2020/04/16/hhs-announces-ventilator-contract-with-ge-under-defense- production-act.html.",,
STS Research Paper (1).pdf,"Holshue, Michelle L., et al. “First Case of 2019 Novel Coronavirus in the United States: NEJM.” New England Journal of Medicine, NEJM, 22 Apr. 2020, www.nejm.org/doi/full/10.1056/NEJMoa2001191.",10.1056/NEJMoa2001191,Valid
STS Research Paper (1).pdf,"Kaste, Martin, and Rebecca Hersher. “Ventilator Shortages Loom As States Ponder Rules For Rationing.” National Public Radio, NPR, 3 Apr. 2020, www.npr.org/sections/health- shots/2020/04/03/826082727/ventilator-shortages-loom-as-states-ponder-rules-for-rationing.",,
STS Research Paper (1).pdf,"“Labor Force Statistics.” US Bureau of Labor Statistics, BLS.",,
STS Research Paper (1).pdf,"“Map: Coronavirus and School Closures.” Education Week, 24 Apr. 2020, www.edweek.org/ew/section/multimedia/map-coronavirus-and-school-closures.html.",,
STS Research Paper (1).pdf,"Meislin, Rachel. Twitter, Twitter, 31 Mar. 2020, twitter.com/racheljulie/status/1245114069339852802?ref_src=twsrc%5Etfw%7Ctwcamp%5Etwe etembed%7Ctwterm%5E1245114069339852802&ref_url=https%3A%2F%2Fwww.nytimes.com %2F2020%2F04%2F02%2Fnyregion%2Fcoronavirus-yankees-ponchos.html.",,
STS Research Paper (1).pdf,"“Mental Health and Coping During COVID-19.” Centers for Disease Control and Prevention, CDC, 16 Apr. 2020, www.cdc.gov/coronavirus/2019-ncov/daily-life-coping/managing-stress-anxiety.html.",,
STS Research Paper (1).pdf,"Mitchell, Corey. “Shut Down by Coronavirus, Schools Scramble to Feed Students.” Education Week, 23 Mar. 2020, www.edweek.org/ew/articles/2020/03/09/shut-down-by-coronavirus-schools- scramble-to.html.",,
STS Research Paper (1).pdf,"Musk, Elon. Twitter, Twitter, 31 Mar. 2020, twitter.com/elonmusk/status/1245009716935188481.",,
STS Research Paper (1).pdf,"“Taxi Drivers, Ride-Hailing Drivers, and Chauffeurs .” U.S. Bureau of Labor Statistics, BLS, 4 Sept. 2019, www.bls.gov/ooh/transportation-and-material-moving/taxi-drivers-and- chauffeurs.htm#tab-6.",,
STS Research Paper (1).pdf,"“The Employment Situation - March 2020.” US Department of Labor, BLS, 3 Apr. 2020.",,
STS Research Paper (1).pdf,"Trump, Donald J. Twitter, Twitter, 24 Feb. 2020, twitter.com/realDonaldTrump/status/1232058127740174339.",,
STS Research Paper (1).pdf,"“Unemployment Insurance Weekly Claims.” US Department of Labor, DOL, 23 Apr. 2020.",,
STS Research Paper (1).pdf,"Whitaker, Bill. “Sick Doctors, Nurses and Not Enough Equipment.” CBS News, 12 Apr. 2020.",,
STS Research Paper (1).pdf,"Zhu, Hengbo, et al. “The Novel Coronavirus Outbreak in Wuhan, China.” Global Health Research and Policy, BioMed Central, 2 Mar. 2020, www.ncbi.nlm.nih.gov/pmc/articles/PMC7050114/.",,
STS Research Paper.pdf,"American Democracy in an Age of Rising Inequality. (2004). Perspectives on Politics, 2(4), 651-666. Retrieved February 14, 2020, from www.jstor.org/stable/3688533",,
STS Research Paper.pdf,"Cunningham, P. (2020, Jan 31). Catch up with our council members. North News, p. 5.",,
STS Research Paper.pdf,"Edwards, J. (2018, July 18). Minneapolis 2040 Charts and Maps. The Wedge Times-Picayune. Retrieved from https://wedgelive.com/.",,
STS Research Paper.pdf,"Edwards, B. (2003). Interview: David Isay discusses a new project which he hopes will spread across the country, encouraging people to make oral histories. Morning Edition (NPR).",,
STS Research Paper.pdf,"Florini, S. (2014). Tweets, Tweeps, and Signifyin’: Communication and Cultural Performance on “Black Twitter.” Television & New Media, 15(3), 223–237. https://doi.org/10.1177/1527476413480247",10.1177/1527476413480247,Valid
STS Research Paper.pdf,"Friedman, B. (1996). Value-sensitive design. interactions, 3(6), 16-23.",,
STS Research Paper.pdf,"Galeno D, Isay, D. & Jacobs, L. (Producer). & Zammarchi, J. (Director). (2015). The Saint of Dry Creek [film]. United States of America: StoryCorps.",,
STS Research Paper.pdf,"Graham, R., & Smith, ‘Shawn. (2016). The Content of Our #Characters: Black Twitter as Counterpublic. Sociology of Race and Ethnicity, 2(4), 433–449. https://doi.org/10.1177/2332649216639067",10.1177/2332649216639067,Valid
STS Research Paper.pdf,"Gross, S. - Associated Press Writer. (2003). Oral Histories Celebrate the Uncelebrated. In AP Online. The Associated Press.",,
STS Research Paper.pdf,"Hanks, A., Solomon, D., & Weller, C. E. (2018). Systematic inequality: How America’s structural racism helped create the black-white wealth gap. Washington: Center for American Progress.",,
STS Research Paper.pdf,"Horton, H. (2017). The Saint of Dry Creek Gets the Tears Flowing [Review of The Saint of Dry Creek]. Film School Rejects. Retrieved from https://filmschoolrejects.com/the-saint-of-dry-creek-gets-the-tears-flowing- c022158bb2ee/",,
STS Research Paper.pdf,"Lamothe, P., Horowitz, A., Rice, K. S., & Filene, B. (2006). StoryCorps. Journal of American History, 93(1), 171 - 174.",,
STS Research Paper.pdf,Mapping Prejudice Project. (2016). Mapping Prejudice: About Us. https://www.mappingprejudice.org/about-us/index.html#about-us,,
STS Research Paper.pdf,"McCormick, K., Lincoln Institute of Land Policy. (2020). Rezoning History: Influential Minneapolis Policy Shift Links Affordability, Equity. Retrieved from https://www.lincolninst.edu/publications/articles/2020-01-rezoning-history-minneapolis- policy-shift-links-affordability-equity",,
STS Research Paper.pdf,"O’Neil, C. (2017). Weapons of math destruction: how big data increases inequality and threatens democracy. Great Britain: Penguin Books.",,
STS Research Paper.pdf,"Performance & Impact. (n.d.). Retrieved February 26, 2020, from https://storycorps.org/performance-impact/",,
STS Research Paper.pdf,"Phase 3: Policy Framework. (n.d.). Retrieved February 27, 2020, from https://minneapolis2040.com/planning-process-phase-3a-policy-framework/",,
STS Research Paper.pdf,"Sandercock, L. (2003). Out of the Closet: The Importance of Stories and Storytelling in Planning Practice, Planning Theory & Practice, 4(1), 11-28. https://doi.org/10.1080/1464935032000057209",10.1080/1464935032000057209,Valid
STS Research Paper.pdf,"Söderström, O, Paasche, T. & Klauser, F. (2014) Smart cities as corporate storytelling, City, 18(3), 307-320. https://doi.org/10.1080/13604813.2014.906716",10.1080/13604813.2014.906716,Valid
STS Research Paper.pdf,StoryCorps. (n.d.). About StoryCorps. https://storycorps.org/about/,,
STS Research Paper.pdf,StoryCorps. (2018). StoryCorps Annual Report 2018. Retrieved from https://storycorpsorg-staging.s3.amazonaws.com/uploads/StoryCorps-Annual-Report- 2018.pdf.,,
Taylor_Jared_STS Research Paper.pdf,American Psychiatric Association. (2013). Diagnostic and statistical manual of mental disorders (5th ed.). https://doi.org/10.1176/appi.books.9780890425596,10.1176/appi.books.9780890425596,Valid
Taylor_Jared_STS Research Paper.pdf,"Campbell, D. (2012). People with Bipolar Disorder May Wait 13 Years for Diagnosis. The Guardian, Guardian News and Media. www.theguardian.com/society/2012/jun/27/bipolar-disorder-diagnosis-survey.",,
Taylor_Jared_STS Research Paper.pdf,"Chekroud AM, Zotti RJ, Shehzad Z, Gueorguieva R, Johnson MK, Trivedi MH, et al. Cross-trial prediction of treatment outcome in depression: a machine learning approach. Lancet Psychiatry. 2016;3:243–250.",,
Taylor_Jared_STS Research Paper.pdf,"Cho, G., Yim, J., Choi, Y., Ko, J., & Lee, S. H. (2019). Review of Machine Learning Algorithms for Diagnosing Mental Illness. Psychiatry investigation, 16(4), 262–269. https://doi.org/10.30773/pi.2018.12.21.2",10.30773/pi.2018.12.21.2,Valid
Taylor_Jared_STS Research Paper.pdf,"Galatzer-Levy, I. R., Ma, S., Statnikov, A., Yehuda, R., & Shalev, A. Y. (2017). Utilization of machine learning for prediction of post-traumatic stress: a re-examination of cortisol in the prediction and pathways to non-remitting PTSD. Translational psychiatry, 7(3), e0.",,
Taylor_Jared_STS Research Paper.pdf,"Ghouse, A. A., Sanches, M., Zunta-Soares, G., Swann, A. C., & Soares, J. C. (2013). Overdiagnosis of bipolar disorder: a critical analysis of the literature. TheScientificWorldJournal, 2013, 297087.",,
Taylor_Jared_STS Research Paper.pdf,"Grin, F. (2005). L'enseignement des langues étrangères comme politique publique. Paris: Ministère de l'éducation nationale, enseignement supérieur, recherche.",,
Taylor_Jared_STS Research Paper.pdf,"Lindstedt, J. (2010). Esperanto as a family language. In F. Dervin (Ed.), Lingua francas: La véhicularité linguistique pour vivre, travailler et étudier (pp. 69-80). L'Harmattan.",,
Taylor_Jared_STS Research Paper.pdf,"Meltzer, E. C., Averbuch, T., Samet, J. H., Saitz, R., Jabbar, K., Lloyd-Travaglini, C., & Liebschutz, J. M. (2012). Discrepancy in diagnosis and treatment of post-traumatic stress disorder (PTSD): treatment for the wrong reason. The journal of behavioral health services & research, 39(2), 190–201. https://doi.org/10.1007/s11414-011-9263-x",10.1007/s11414-011-9263-x,Valid
Taylor_Jared_STS Research Paper.pdf,"Sacchet, M. D., Prasad, G., Foland-Ross, L. C., Thompson, P. M., & Gotlib, I. H. (2015). Support vector machine classification of major depressive disorder using diffusion-weighted neuroimaging and graph theory. Frontiers in psychiatry, 6, 21.",,
Taylor_Jared_Technical Report.pdf,3 4 5 6 7 9,,
Taylor_Jared_Technical Report.pdf,11,,
Taylor_Jared_Technical Report.pdf,13,,
Taylor_Jared_Technical Report.pdf,15,,
Taylor_Jared_Technical Report.pdf,17,,
Taylor_Jared_Technical Report.pdf,24,,
Taylor_Jared_Technical Report.pdf,25,,
Taylor_Jared_Technical Report.pdf,28,,
Taylor_Jared_Technical Report.pdf,30,,
Taylor_Jared_Technical Report.pdf,32,,
Taylor_Jared_Technical Report.pdf,34,,
Taylor_Jared_Technical Report.pdf,36,,
Taylor_Jared_Technical Report.pdf,Abstract,,
Taylor_Jared_Technical Report.pdf,The main objective for this Capstone project is to develop an online web application system that,,
Taylor_Jared_Technical Report.pdf,"will allow ChoreoNova, a local Charlottesville fine arts company, to have an efficient and high",,
Taylor_Jared_Technical Report.pdf,quality ticketing system by the end of the Spring 2020 semester. The final product was created,,
Taylor_Jared_Technical Report.pdf,"using Django, a Python based framework that incorporates HTML coding as well as other",,
Taylor_Jared_Technical Report.pdf,beautifying languages such as Bootstrap. The product was built using an Agile method of project,,
Taylor_Jared_Technical Report.pdf,"work, where the entire build process was divided into 12 sprints. Each sprint, a couple of system",,
Taylor_Jared_Technical Report.pdf,requirements were pulled off the backlog to be worked on and completed. With the semester,,
Taylor_Jared_Technical Report.pdf,"system that the University of Virginia functions on, functional requirements were completed in",,
Taylor_Jared_Technical Report.pdf,"Fall 2019 while additional requirements were added on in Spring 2020. Through this project, the",,
Taylor_Jared_Technical Report.pdf,"team learned the importance of communication in a software engineering role, particularly with",,
Taylor_Jared_Technical Report.pdf,"non-technically savvy clients. Moreover, the team also gained a deeper appreciation of the arts.",,
Taylor_Jared_Technical Report.pdf,"Through this project, the team hopes that they are able to help a small arts production company",,
Taylor_Jared_Technical Report.pdf,"modernize and stay with the digital era, allowing them to continue to be able to share their stories",,
Taylor_Jared_Technical Report.pdf,of humanity with the American public well into the future and beyond.,,
Taylor_Jared_Technical Report.pdf,List of Figures,,
Taylor_Jared_Technical Report.pdf,Figure 1: Wireframes (Event / Main page view)...........................................................................15,,
Taylor_Jared_Technical Report.pdf,Figure 2: Wireframes (Payment view)...........................................................................................15,,
Taylor_Jared_Technical Report.pdf,Figure 3: Wireframes (Confirmation view)...................................................................................16,,
Taylor_Jared_Technical Report.pdf,Figure 4: EventDate and Event Models.........................................................................................17,,
Taylor_Jared_Technical Report.pdf,Figure 5: Ticket Model..................................................................................................................18,,
Taylor_Jared_Technical Report.pdf,Figure 6: Seat Model.....................................................................................................................19,,
Taylor_Jared_Technical Report.pdf,Figure 7: View to Order Tickets....................................................................................................20,,
Taylor_Jared_Technical Report.pdf,Figure 8: PurchaseForm Class.......................................................................................................20,,
Taylor_Jared_Technical Report.pdf,Figure 9: Order-seats view and process (part 1)............................................................................21,,
Taylor_Jared_Technical Report.pdf,Figure 10: Order-seats view and process (part 2)..........................................................................22,,
Taylor_Jared_Technical Report.pdf,Figure 11: Payment view and,,
Taylor_Jared_Technical Report.pdf,process............................................................................................23,,
Taylor_Jared_Technical Report.pdf,Figure 12: View,,
Taylor_Jared_Technical Report.pdf,Test......................................................................................................................24,,
Taylor_Jared_Technical Report.pdf,Figure 13: Seat Model Test............................................................................................................24,,
Taylor_Jared_Technical Report.pdf,Figure 14: Form,,
Taylor_Jared_Technical Report.pdf,Test......................................................................................................................25,,
Taylor_Jared_Technical Report.pdf,Figure 15: EventDate Model Test..................................................................................................25,,
Taylor_Jared_Technical Report.pdf,Figure 16: Event Test.....................................................................................................................25,,
Taylor_Jared_Technical Report.pdf,Figure 17: Coverage Report...........................................................................................................27,,
Taylor_Jared_Technical Report.pdf,1. Introduction What makes humanity different from our mammalian ancestors is not only our ability to,,
Taylor_Jared_Technical Report.pdf,think critically but also our appreciation for the abstract. The universal means to express our,,
Taylor_Jared_Technical Report.pdf,"understanding and comprehension of the abstract is the arts. From the beginning of our history,",,
Taylor_Jared_Technical Report.pdf,"art has been a way for us to represent the emotions we hold dearest as mankind: love, anger,",,
Taylor_Jared_Technical Report.pdf,"hope. Without the arts, we have no way of expressing these vital emotions, no way of expressing",,
Taylor_Jared_Technical Report.pdf,"what makes us human. ChoreoNova is a non-profit dance presentation company with a mission to develop,",,
Taylor_Jared_Technical Report.pdf,"produce, and present transformative contemporary dance works that tell impassioned stories.",,
Taylor_Jared_Technical Report.pdf,ChoreoNova also hopes to promote personal empowerment and communal justice with all those,,
Taylor_Jared_Technical Report.pdf,in the communities they perform in and they help to improve individual and collective resilience,,
Taylor_Jared_Technical Report.pdf,"amongst community members as well. Thus, their core values include storytelling, well-being,",,
Taylor_Jared_Technical Report.pdf,"diversity, inclusiveness, cooperation, and self-supporting. ChoreoNova currently holds around",,
Taylor_Jared_Technical Report.pdf,three to four events per year. Each of these shows has multiple showings at different times and,,
Taylor_Jared_Technical Report.pdf,"days, potentially at different venues as well. In recent years, ChoreoNova’s performances have",,
Taylor_Jared_Technical Report.pdf,"moved towards the utilization of more forms of media than just simply dance, integrating the arts",,
Taylor_Jared_Technical Report.pdf,with the sciences. Our main objective in this project is to develop a system to allow these dance,,
Taylor_Jared_Technical Report.pdf,"presentations, as well as other ChoreoNova events, to have an efficient and high quality ticketing",,
Taylor_Jared_Technical Report.pdf,system.,,
Taylor_Jared_Technical Report.pdf,"1.1 Problem Statement Currently, ChoreoNova’s way of listing events and selling tickets is very disjointed and",,
Taylor_Jared_Technical Report.pdf,disconnected due to compatibility issues with the way their main webpage is built. Their current,,
Taylor_Jared_Technical Report.pdf,"website is built on Joomla, where they have found many compatibility issues when they",,
Taylor_Jared_Technical Report.pdf,attempted to integrate new webpages onto their site. Their current method of selling tickets,,
Taylor_Jared_Technical Report.pdf,"includes having all their events listed on their main website in the “Events” tab. However, users",,
Taylor_Jared_Technical Report.pdf,"are not able to purchase tickets from that “Events” page, which is merely used to display",,
Taylor_Jared_Technical Report.pdf,"upcoming events that ChoreoNova is holding. Instead, users must go through another link sent to",,
Taylor_Jared_Technical Report.pdf,them in a newsletter via email or found on ChoreoNova’s Facebook page to access an EventBrite,,
Taylor_Jared_Technical Report.pdf,"page to finally order their tickets. Overall, ChoreoNova’s current band-aid solution to not being",,
Taylor_Jared_Technical Report.pdf,"able to integrate links onto their webpage is extremely inelegant and unscalable. First off, this is",,
Taylor_Jared_Technical Report.pdf,a very inefficient process for users as after seeing an event they may be interested in on,,
Taylor_Jared_Technical Report.pdf,"ChoreoNova’s main webpage, they would need to somehow find this other link to the EventBrite",,
Taylor_Jared_Technical Report.pdf,page via email or Facebook. If this user had not signed up for the newsletter before or does not,,
Taylor_Jared_Technical Report.pdf,"own a Facebook account, it would be virtually impossible for them to access this EventBrite",,
Taylor_Jared_Technical Report.pdf,"page and order tickets to attend the event. For more impatient users, all this clicking and",,
Taylor_Jared_Technical Report.pdf,searching for the proper link to order tickets may even discourage them from purchasing tickets,,
Taylor_Jared_Technical Report.pdf,"altogether, resulting in ChoreoNova losing business. On top of that, ChoreoNova is also handing",,
Taylor_Jared_Technical Report.pdf,over control of their ticket sales to a third-party company: EventBrite. This means they lose,,
Taylor_Jared_Technical Report.pdf,control over a lot of the revenue they generate and also are giving EventBrite valuable data that,,
Taylor_Jared_Technical Report.pdf,"they could have kept for themselves. As such, our goal is to help ChoreoNova find a more",,
Taylor_Jared_Technical Report.pdf,"elegant solution to their ticket sales, integrating everything into one system throughout this",,
Taylor_Jared_Technical Report.pdf,school year.,,
Taylor_Jared_Technical Report.pdf,1.2 Contributions We planned to split most of the work on this ticketing system into two semesters worth of,,
Taylor_Jared_Technical Report.pdf,work. The first semester focused on putting together a functioning ticketing system where users,,
Taylor_Jared_Technical Report.pdf,can see events and purchase tickets altogether in one system. The second semester focused on,,
Taylor_Jared_Technical Report.pdf,"adding more additional features into the system. Finally, we worked on the user interface (UI)",,
Taylor_Jared_Technical Report.pdf,and user experience (UX) after ensuring functionality was complete. ChoreoNova values a,,
Taylor_Jared_Technical Report.pdf,"smooth and enjoyable experience for their customers, and therefore wants the ticketing system to",,
Taylor_Jared_Technical Report.pdf,"reflect this. This project is important for many reasons, as it supports the arts and the local",,
Taylor_Jared_Technical Report.pdf,"Charlottesville community. In recent years, the rise of STEM careers has in many cases",,
Taylor_Jared_Technical Report.pdf,"displaced studies that are sometimes referred to as “softer” studies, such as the arts. Many see",,
Taylor_Jared_Technical Report.pdf,"STEM as more productive for society, contributing more to further advancement than something",,
Taylor_Jared_Technical Report.pdf,"like the arts. However, society needs balance and many times, the arts provide that balance by",,
Taylor_Jared_Technical Report.pdf,"introducing more abstract concepts, such as humanity or justice, all necessary for a full",,
Taylor_Jared_Technical Report.pdf,"functioning society. With no humanity, society would have lost its human roots, removing us",,
Taylor_Jared_Technical Report.pdf,"from our very own nature. The arts, especially a company like ChoreoNova, which promotes",,
Taylor_Jared_Technical Report.pdf,"inclusivity, well-being, and cooperation help to ensure this social aspect of our species is not lost.",,
Taylor_Jared_Technical Report.pdf,ChoreoNova also has the added benefit of being a company that is local here to Charlottesville. It,,
Taylor_Jared_Technical Report.pdf,is very important for University of Virginia students to have the opportunity to give back to the,,
Taylor_Jared_Technical Report.pdf,"surrounding area, and to thank them for welcoming us into their home for the past four years.",,
Taylor_Jared_Technical Report.pdf,2. Related Work The two main options for a small venue to sell tickets are either to sell tickets at the,,
Taylor_Jared_Technical Report.pdf,"event, or to use a ticketing service. Selling tickets at the venue creates problems for both the",,
Taylor_Jared_Technical Report.pdf,buyer and seller. The buyer will not know if there will be a ticket available for them when they,,
Taylor_Jared_Technical Report.pdf,arrive and also will not know where they are sitting. This will cause buyers to get to a venue very,,
Taylor_Jared_Technical Report.pdf,early so that they can sit in a desired section. A buyer may also be less influenced to actually go,,
Taylor_Jared_Technical Report.pdf,"to a show if they have not already bought a ticket. The seller, on the other hand, will also not",,
Taylor_Jared_Technical Report.pdf,"know how many people to expect, so therefore may not be able to accommodate with the",,
Taylor_Jared_Technical Report.pdf,appropriate number of ushers and concession staff. An online ticketing service solves many of these problems. It allows people to ensure,,
Taylor_Jared_Technical Report.pdf,they have a spot at the venue and also allows the venue to know what to expect in terms of,,
Taylor_Jared_Technical Report.pdf,turnout ahead of time. The major flaws in ticket services such as TicketMaster and EventBrite,,
Taylor_Jared_Technical Report.pdf,"are a lack of control and fee payments. In terms of control, demographic information can be very",,
Taylor_Jared_Technical Report.pdf,"useful for an organization, as it shows them who to market to and what to change in their",,
Taylor_Jared_Technical Report.pdf,"company to try and attract new audiences. However, TicketMaster does not allow merchants to",,
Taylor_Jared_Technical Report.pdf,"see this information for free, making it impossible for merchants to have access to this",,
Taylor_Jared_Technical Report.pdf,"information unless they pay for TicketMaster Artist Services (TicketMaster, n.d.). EventBrite has",,
Taylor_Jared_Technical Report.pdf,"some analytic tools, but it mostly shows what types of tickets were purchased and at what time",,
Taylor_Jared_Technical Report.pdf,"(EventBrite, n.d.). The only way they could get the exact information they want from a client",,
Taylor_Jared_Technical Report.pdf,would be through a survey conducted outside of these ticketing services. When using a ticketing,,
Taylor_Jared_Technical Report.pdf,"service Choreonova doesn’t own, they also cannot control the exact pipeline of how a ticket is",,
Taylor_Jared_Technical Report.pdf,"purchased. TicketMaster and EventBrite have their own flow for how tickets are purchased, and",,
Taylor_Jared_Technical Report.pdf,Choreonova wanted a buying system that minimized clicks and pages. These ticket service,,
Taylor_Jared_Technical Report.pdf,websites also have service charges they charge per transaction. The merchant can choose to pass,,
Taylor_Jared_Technical Report.pdf,"these costs onto the buyer, but then they might be less inclined to purchase a ticket online due to",,
Taylor_Jared_Technical Report.pdf,"these surcharges. The other option is to absorb the cost and keep the ticket cost the same, but that",,
Taylor_Jared_Technical Report.pdf,lowers overall profit. The project aims to create a website with the core functionality of websites such as,,
Taylor_Jared_Technical Report.pdf,"EventBrite and TicketMaster. However, this website will also be built with the addition of",,
Taylor_Jared_Technical Report.pdf,"demographics collection and control on the buyer’s experience, as well as the removal of service",,
Taylor_Jared_Technical Report.pdf,fees. These changes will allow ChoreoNova to regain control of the ticketing process and also,,
Taylor_Jared_Technical Report.pdf,keep more of the profit.,,
Taylor_Jared_Technical Report.pdf,3. System Design The main goal of the capstone project for ChoreoNova is to create a functioning ticketing,,
Taylor_Jared_Technical Report.pdf,system that will allow customers to purchase tickets for events. ChoreoNova put a number of,,
Taylor_Jared_Technical Report.pdf,requirements that needed to be met by this ticketing system. ChoreoNova’s original vision was,,
Taylor_Jared_Technical Report.pdf,"to have the system embedded on their original website. However, our group felt it was best for",,
Taylor_Jared_Technical Report.pdf,testing and building purposes to have the product be a completely separate website and link it,,
Taylor_Jared_Technical Report.pdf,straight from ChoreoNovat’s own website. This allowed us to make modifications without,,
Taylor_Jared_Technical Report.pdf,"impacting or conflicting with their other work. In terms of functional requirements, our group has to prioritize ease for users, as that is",,
Taylor_Jared_Technical Report.pdf,the main obstacle facing ChoreoNova’s current band-aid solution. The main goal of our project,,
Taylor_Jared_Technical Report.pdf,"is to allow typical ChoreoNova customers, who have varying levels of technological experience,",,
Taylor_Jared_Technical Report.pdf,"to be able to easily go on the main ChoreoNova website, click the link to buy tickets, and then",,
Taylor_Jared_Technical Report.pdf,"purchase the tickets in a reasonable amount of time and clicks. The front-end is the part of the website that the users can access and interact with, which",,
Taylor_Jared_Technical Report.pdf,is built to be logical and streamlined. The client has placed heavy emphasis on reducing the,,
Taylor_Jared_Technical Report.pdf,"number of clicks and webpage redirects, which is the requirement that the front-end design",,
Taylor_Jared_Technical Report.pdf,"revolves around. First, the user is redirected from the main website to the homepage of the",,
Taylor_Jared_Technical Report.pdf,"ticketing website. From here, the user can then pick an event from this page, where there is a list",,
Taylor_Jared_Technical Report.pdf,and calendar view. There are also filters if the user wants to reduce the number of events to only,,
Taylor_Jared_Technical Report.pdf,"see events of a certain type. Once the user has decided on an event, they will then click on the",,
Taylor_Jared_Technical Report.pdf,"event and be redirected to the ticket purchasing page. Here, the user must input the quantity,",,
Taylor_Jared_Technical Report.pdf,"location, and any special accommodations they may require. Then, the user will pay for the",,
Taylor_Jared_Technical Report.pdf,tickets and finally be redirected to a confirmation page. This system will default to a simple,,
Taylor_Jared_Technical Report.pdf,"system that a person who is not technologically savvy will be able to complete, but will also",,
Taylor_Jared_Technical Report.pdf,"provide the tools, such as calendars and filters, that allow more advanced users to have a more",,
Taylor_Jared_Technical Report.pdf,refined experience. The product needs to also have an easy-to-use back-end system for our client or any other,,
Taylor_Jared_Technical Report.pdf,"ChoreoNova employees to access the website as an admin and be able to modify objects, view",,
Taylor_Jared_Technical Report.pdf,"statistics, and to look at user demographics so they can plan for their future events. Having an",,
Taylor_Jared_Technical Report.pdf,admin back-end system will give the flexibility for ChoreoNova to expand with more employees,,
Taylor_Jared_Technical Report.pdf,"and more shows if they choose to do so in the future. This will lay the groundwork for years, if",,
Taylor_Jared_Technical Report.pdf,"not decades, of future development. The back-end for this system will hold all the information",,
Taylor_Jared_Technical Report.pdf,"that ChoreoNova will need in regards to ticketing, with the most important information including",,
Taylor_Jared_Technical Report.pdf,"the event that tickets are being sold for, how many tickets are left for that event, the price of",,
Taylor_Jared_Technical Report.pdf,"tickets, a seating chart if relevant, and special requests that specific customers may have. Our team is using Django, a web framework that uses Python as the programming",,
Taylor_Jared_Technical Report.pdf,"language and has an Model-View-Controller (MVC) structure, which is a three-tiered structure",,
Taylor_Jared_Technical Report.pdf,"that keeps data, presentation, and logic separate from each other. Using this framework allows",,
Taylor_Jared_Technical Report.pdf,"our ticketing system to be able to store tickets and events as models, display the desired",,
Taylor_Jared_Technical Report.pdf,"information as a view on the rendered webpage, and control how a user interacts with the system. As a team, we decided to license our code under a GNU General Public License. We feel",,
Taylor_Jared_Technical Report.pdf,"that, given the scope of our project, it made the most sense to use a public licensing system for",,
Taylor_Jared_Technical Report.pdf,our developed code. Another major reason why we decided to license under GNU is because the,,
Taylor_Jared_Technical Report.pdf,"license was free, which is most optimal for both our group and our client so that they would not",,
Taylor_Jared_Technical Report.pdf,have to worry about paying for a license after the project is complete.,,
Taylor_Jared_Technical Report.pdf,3.1 System Requirements System requirements are the various functionalities that the system we are building must,,
Taylor_Jared_Technical Report.pdf,"contain, per our customer’s wishes. Gathering system requirements allows us to begin the",,
Taylor_Jared_Technical Report.pdf,process of building a system by planning what needs to be done. By splitting the list of system,,
Taylor_Jared_Technical Report.pdf,"requirements into minimum requirements, desired requirements, and optional requirements, we",,
Taylor_Jared_Technical Report.pdf,"know which features should be prioritized. The minimum requirements are as follows: ● As a user, I should be able to buy a ticket to the event I selected so that I have a verified method of entrance. ● As a user, I should be able to input any special requests so that the company knows how to accommodate my needs. ● As the owner, I need a way to easily accept payments for each ticket transaction. ● As an admin, I should be able to create an event and include the appropriate details so that users can see what events are occurring. ● As an admin, I should be able to track ticket sales so that I can see the number of remaining tickets for an event. ● As an admin, I should be able to see which tickets have a special request so that I can properly accommodate their needs.",,
Taylor_Jared_Technical Report.pdf,"After the minimum requirements were completed and we had a functioning ticketing system, we",,
Taylor_Jared_Technical Report.pdf,"worked on desired requirements. These included: ● As a user, I should be able to select which seat I want in the venue ● As a user, I should be able to print or receive a QR code after I purchase my ticket so that I can present it to get into the event. ● As a user, I want to be able to look at a calendar of events to make it easier to find out which performances I can attend. ● As an admin, I should easily be able to see how many tickets are left. ● As an admin, I should be able to edit the event throughout the sale period so that I can make updates as needed.",,
Taylor_Jared_Technical Report.pdf,"Finally, we listed an optional requirement that would possibly be worked on after the completion",,
Taylor_Jared_Technical Report.pdf,"of the rest of the requirements. ● As a user, I should be able to organize events by type so that I know which shows I would be interested in.",,
Taylor_Jared_Technical Report.pdf,"3.2 Wireframes Figure 1. Wireframes (Event / Main page view) Figure 2. Wireframes (Payment view) Figure 3. Wireframes (Confirmation view) Figures 1, 2, and 3 display three of our screens from our wireframe creation. During the",,
Taylor_Jared_Technical Report.pdf,"planning process for our ticketing system, we developed seven screens to show a general idea of",,
Taylor_Jared_Technical Report.pdf,how the system would work and how the screens would transition into each other. While many,,
Taylor_Jared_Technical Report.pdf,"planning decisions changed from early Fall 2019 to Spring 2020, these were excellent jumping",,
Taylor_Jared_Technical Report.pdf,off points for actually creating our design. The most faithful screen to the final product is Figure 1. This screen shows the main page,,
Taylor_Jared_Technical Report.pdf,that is launched when going to http://choreonova.herokuapp.com. We wanted to visualize how,,
Taylor_Jared_Technical Report.pdf,"events would be displayed, and we felt that a system that showed the events both in an overall",,
Taylor_Jared_Technical Report.pdf,"list and as a calendar would be the best display options for users. The other two screens, as seen in Figure 2 and Figure 3, were implemented in the final",,
Taylor_Jared_Technical Report.pdf,"version as well, albeit with a few differences. Figure 2 shows the original planned payment view,",,
Taylor_Jared_Technical Report.pdf,"with an option between PayPal and credit card. In the final version, we decided to only give the",,
Taylor_Jared_Technical Report.pdf,option to use PayPal for the customer’s simplicity and security’s sake. Figure 3 shows the,,
Taylor_Jared_Technical Report.pdf,"confirmation screen. In general, these wireframes purposefully lacked detail to give us more freedom.",,
Taylor_Jared_Technical Report.pdf,Wireframes allowed us to design the product from a high level while still restricting us to try to,,
Taylor_Jared_Technical Report.pdf,follow the transitions.,,
Taylor_Jared_Technical Report.pdf,3.3 Sample Code Figure 4. EventDate and Event Models Figure 4 displays the EventDate and Event model structure that is used to store,,
Taylor_Jared_Technical Report.pdf,"information about each event. The Event model is the model for the overarching event,",,
Taylor_Jared_Technical Report.pdf,containing information that would be the same for all showings of the same event. The Event,,
Taylor_Jared_Technical Report.pdf,"model holds a ManyToManyField that can hold all the associated EventDate objects, each",,
Taylor_Jared_Technical Report.pdf,"representing an individual showing. Fields that are pertinent to each individual showing, such as",,
Taylor_Jared_Technical Report.pdf,"location and number of tickets, are contained within the EventDate model instead. Figure 5 displays the Ticket model, which is the model used to store relevant information",,
Taylor_Jared_Technical Report.pdf,"regarding each batch purchase of tickets. Thus, each Ticket object contains information",,
Taylor_Jared_Technical Report.pdf,"regarding the event it is for, the time the event is at, seating category, number of tickets",,
Taylor_Jared_Technical Report.pdf,"associated with the purchase, the price it was bought at, and any special accommodations",,
Taylor_Jared_Technical Report.pdf,"needed. Finally, there is also a create method that is used to create the Ticket object after",,
Taylor_Jared_Technical Report.pdf,"payment confirmation, which allows for the Ticket objects to be created without a relevant form. Figure 5. Ticket Model Figure 6 displays the Seat model, which is the model used to store information about",,
Taylor_Jared_Technical Report.pdf,individual seats for different events. Each seat contains information about whether or not the seat,,
Taylor_Jared_Technical Report.pdf,"was already reserved, what event the seat is attached to, the name of the seat (including section",,
Taylor_Jared_Technical Report.pdf,"and number), and other extraneous information about each seat. Generally, many events are",,
Taylor_Jared_Technical Report.pdf,"seated by first-come first-served, so having a seat object designed for an event-by-event basis is",,
Taylor_Jared_Technical Report.pdf,sufficient for the scope of the website. Figure 6. Seat model Figure 7 displays an excerpt of the view used in the page to order tickets. Some of the,,
Taylor_Jared_Technical Report.pdf,code included in this excerpt includes code that automatically pulls important data about the,,
Taylor_Jared_Technical Report.pdf,"event onto the form, which is a PurchaseForm. The excerpt also includes some of the code we",,
Taylor_Jared_Technical Report.pdf,"wrote to validate certain fields in the forms, namely the amount of tickets customers can",,
Taylor_Jared_Technical Report.pdf,"purchase and the email. As warning messages, we used the messages features that came with",,
Taylor_Jared_Technical Report.pdf,"Django and basically had a warning print every time an error was encountered, such as",,
Taylor_Jared_Technical Report.pdf,purchasing more tickets than were available or an invalid email. The warning message would be,,
Taylor_Jared_Technical Report.pdf,"displayed at the top of the refreshed form, forcing the customer to fix the errors before",,
Taylor_Jared_Technical Report.pdf,proceeding. The PurchaseForm class can be seen in Figure 8. Figure 7. View to order tickets Figure 8. PurchaseForm class Figures 9 and 10 show snippets of the order_seats view. This view is responsible for,,
Taylor_Jared_Technical Report.pdf,handling seat reservation after tickets are ordered and paid for. Due to the fact that this view,,
Taylor_Jared_Technical Report.pdf,"takes place after payment is complete, having the ability to claim seats on selection would not",,
Taylor_Jared_Technical Report.pdf,cause any problems because people would have already paid for these seats even if they reserve,,
Taylor_Jared_Technical Report.pdf,them and do not show up. There are several POST options from the order-seats HTML page. The,,
Taylor_Jared_Technical Report.pdf,first is “Reset” (as seen in Figure 10) which will unclaim every seat that users have selected and,,
Taylor_Jared_Technical Report.pdf,empty out their list of seats (which is stored as a session variable for each individual user). The,,
Taylor_Jared_Technical Report.pdf,option “Remove” removes an individual selected seat from a user’s seat list. The last option is,,
Taylor_Jared_Technical Report.pdf,"simply ordering the seat itself, which checks to make sure that the user is not going above their",,
Taylor_Jared_Technical Report.pdf,number of tickets and also makes sure that the number of seat objects associated with the event,,
Taylor_Jared_Technical Report.pdf,"has not already reached zero. In Figure 9, it shows the case where the page was accessed not via",,
Taylor_Jared_Technical Report.pdf,"a POST request (which would be the case when opening the page from payment confirmation),",,
Taylor_Jared_Technical Report.pdf,where it sets every variable up for use on the page. Figure 9. Order-seats view and process (part 1) Figure 10. Order-seats view and process (part 2) Figure 11 is an excerpt of the PayPal payment process and what happens when the,,
Taylor_Jared_Technical Report.pdf,payment is successful. The top of the excerpt contains the code that sends information about the,,
Taylor_Jared_Technical Report.pdf,"purchase to PayPal Checkout, which includes the price, an invoice number that is a randomly",,
Taylor_Jared_Technical Report.pdf,"generated integer to differentiate different purchases, etc. Once the customer is transferred over",,
Taylor_Jared_Technical Report.pdf,"to PayPal Checkout, there would be two different possible outcomes: one for a successful",,
Taylor_Jared_Technical Report.pdf,"payment (payment_done) and another for payment failure (payment_cancelled). In Figure 11,",,
Taylor_Jared_Technical Report.pdf,payment_done can be seen. The main task that payment_done attempts to achieve is to generate,,
Taylor_Jared_Technical Report.pdf,"the Ticket object, which cannot be generated earlier with the submission of PurchaseForm in the",,
Taylor_Jared_Technical Report.pdf,"order stage as at that point, we are unsure of whether or not the customer would go through with",,
Taylor_Jared_Technical Report.pdf,"buying and reserving the ticket. Thus, all the relevant information from the original",,
Taylor_Jared_Technical Report.pdf,PurchaseForm must be pulled to payment_done where we can finally create the Ticket object,,
Taylor_Jared_Technical Report.pdf,using a predefined create method. payment_done is also where we can safely deduct the number,,
Taylor_Jared_Technical Report.pdf,of tickets purchased from the associated EventDate object as now we are certain the tickets are,,
Taylor_Jared_Technical Report.pdf,now purchased. Figure 11. Payment view and process,,
Taylor_Jared_Technical Report.pdf,"3.4 Sample Tests Throughout the entire process of developing the web application, we wrote tests to ensure",,
Taylor_Jared_Technical Report.pdf,the features we were creating worked as intended. Testing is important because it allows us to,,
Taylor_Jared_Technical Report.pdf,catch any bugs in the code and fix them before the final application is deployed. During every,,
Taylor_Jared_Technical Report.pdf,"sprint, we have created unit tests that correspond to the features we chose to develop. Figure 12 shows a basic unit test for the views that we created through Django. This test",,
Taylor_Jared_Technical Report.pdf,checks to see if the view created redirects to the correct page that we wanted. Figure 12. View Test Figure 13 is a test for the Seat model that is used in our web application. This test creates,,
Taylor_Jared_Technical Report.pdf,"a Seat object, saves it, then checks the fields inside of the Seat created to see if it was correctly",,
Taylor_Jared_Technical Report.pdf,saved. Figure 13. Seat Model Test Figure 14 tests the form we created through Django. This test creates an array of all the,,
Taylor_Jared_Technical Report.pdf,fields the form is asking for and then inputs it into the Django form. It then checks if the form is,,
Taylor_Jared_Technical Report.pdf,"valid or not, based on the information the form contains. Figure 14. Form Test Figure 15 is a test for the EventDate model. It creates an EventDate object with a missing",,
Taylor_Jared_Technical Report.pdf,"attribute then saves it. Since the model requires a time field, Django throws an exception when",,
Taylor_Jared_Technical Report.pdf,trying to save the object. The test checks to see if an exception was thrown. Figure 15. EventDate Model Test Figure 16 is a test for the Event model. Since the Event model contains a ManyToMany,,
Taylor_Jared_Technical Report.pdf,"field of EventDates, this test creates an Event as well as a corresponding EventDate, then checks",,
Taylor_Jared_Technical Report.pdf,to see if the EventDate created is a part of the Event object. Figure 16. Event Test,,
Taylor_Jared_Technical Report.pdf,"3.5 Code Coverage Since our project was built using the Django framework, which is Python based, we",,
Taylor_Jared_Technical Report.pdf,"chose to use the standard coverage package that comes with Python, Coverage.py. To use this",,
Taylor_Jared_Technical Report.pdf,"package, first install coverage using the command “pip install coverage”. After that, there are a",,
Taylor_Jared_Technical Report.pdf,couple of configurations that can be added to the file “.coveragerc” to customize the generated,,
Taylor_Jared_Technical Report.pdf,"report. For a Django project, make sure the source is set to be the entire Django project directory.",,
Taylor_Jared_Technical Report.pdf,"To see the coverage report, simply run “coverage report” or “coverage html” to see a nicer",,
Taylor_Jared_Technical Report.pdf,HTML format of the coverage report. The statistics from the coverage report can be seen in,,
Taylor_Jared_Technical Report.pdf,Figure 17. Figure 17. Coverage Report,,
Taylor_Jared_Technical Report.pdf,3.6 Installation Instructions These installation instructions are meant to install the product from scratch on the Heroku,,
Taylor_Jared_Technical Report.pdf,hosting service. It grabs the code from a Github repository then deploys it to Heroku. The first,,
Taylor_Jared_Technical Report.pdf,step is to navigate to signup.heroku.com. Create a new account and authenticate the account by,,
Taylor_Jared_Technical Report.pdf,going to the email and clicking the confirmation link that Heroku sent. The application's code is currently in a private repository on Github. To have access to,,
Taylor_Jared_Technical Report.pdf,"this code, a Github account will have to be made or active, and the admin of the repository will",,
Taylor_Jared_Technical Report.pdf,need the account information to grant permission. If access is not granted to,,
Taylor_Jared_Technical Report.pdf,"https://github.com/uva-cp-1920/choreonova, the project will be inaccessible. If a new Github",,
Taylor_Jared_Technical Report.pdf,"account is needed, it can be created at https://github.com/join?source=header-home. To deploy a Heroku app, Git and Heroku CLI must be installed. Depending on what type",,
Taylor_Jared_Technical Report.pdf,"of Operating System the host computer has, these installation instructions will be slightly",,
Taylor_Jared_Technical Report.pdf,"different. To install Git, navigate to",,
Taylor_Jared_Technical Report.pdf,https://git-scm.com/book/en/v2/Getting-Started-Installing-Git and follow the installation,,
Taylor_Jared_Technical Report.pdf,"instructions for the proper OS. To install Heroku CLI, navigate to",,
Taylor_Jared_Technical Report.pdf,"https://devcenter.heroku.com/articles/heroku-cli. At this point, open the terminal or command prompt and enter the following command: git clone https://github.com/uva-cp-1920/choreonova.git A copy of the repository should be generated and can be accessed using: cd choreonova The repository has all necessary files to deploy to Heroku, so all that is needed now is to",,
Taylor_Jared_Technical Report.pdf,"create the Heroku app. This can be done by entering: heroku create After this, push this repository to Heroku. This is done by entering the following",,
Taylor_Jared_Technical Report.pdf,"command: git push heroku master:master After this process is complete, the website is accessible by going to the Heroku app and",,
Taylor_Jared_Technical Report.pdf,"clicking “Open App”, or, alternatively, from the command line by entering: heroku open If the server requires more resources, a Dyno can be added by navigating to the app on",,
Taylor_Jared_Technical Report.pdf,"heroku.com, going to the “Resources” tab, and then clicking “Change Dyno Type”. Otherwise,",,
Taylor_Jared_Technical Report.pdf,the project will run on the free tier of Heroku hosting.,,
Taylor_Jared_Technical Report.pdf,4. Results The ticketing system that we created fulfills the initial requirements received by the,,
Taylor_Jared_Technical Report.pdf,customer. The main issue of ChoreoNova’s previous method of selling tickets was that it was on,,
Taylor_Jared_Technical Report.pdf,an external website. The ticketing system that we developed allows customers to go through and,,
Taylor_Jared_Technical Report.pdf,"purchase a ticket to their desired event using around six mouse clicks, whereas their original",,
Taylor_Jared_Technical Report.pdf,"system of purchasing a ticket required way more mouse clicks, as users would have to search for",,
Taylor_Jared_Technical Report.pdf,"the EventBrite link and go through that entirely separate system. To use the ticketing system we created, customers will click on the link listed on",,
Taylor_Jared_Technical Report.pdf,"ChoreoNova’s main webpage, bringing them to the ChoreoNova ticketing website. From there,",,
Taylor_Jared_Technical Report.pdf,they will be able to browse through the events that the company is offering. Once they have,,
Taylor_Jared_Technical Report.pdf,"found an event they would like to purchase or reserve a ticket for, the customer can hit a button",,
Taylor_Jared_Technical Report.pdf,"for that event, bringing them to the next page where they can enter their information, such as",,
Taylor_Jared_Technical Report.pdf,"e-mail, quantity of tickets, and any special accommodation requests. After filling in the",,
Taylor_Jared_Technical Report.pdf,"necessary information, the customer is then directed to reserve their seats for the event. Finally,",,
Taylor_Jared_Technical Report.pdf,"they are directed to the PayPal payment page. When the payment has gone through as successful,",,
Taylor_Jared_Technical Report.pdf,"the customer is redirected to the ChoreoNova ticketing web page, where they are shown a",,
Taylor_Jared_Technical Report.pdf,"confirmation page with their ticket and a demographics collection screen. Additionally, an email",,
Taylor_Jared_Technical Report.pdf,containing a QR code and other information about their ticket will be sent to the customer’s,,
Taylor_Jared_Technical Report.pdf,"provided email address. The other stakeholders of the system, the ChoreoNova staff, can access the backend using",,
Taylor_Jared_Technical Report.pdf,"an admin account. In the backend, they will be able to create new events that will be displayed",,
Taylor_Jared_Technical Report.pdf,"on the main page for users to purchase tickets. Administrators can also create new seat objects,",,
Taylor_Jared_Technical Report.pdf,which will be displayed when the user reserves seats during the purchasing process. They will be,,
Taylor_Jared_Technical Report.pdf,"able to look through the record of all tickets that have been purchased, see demographic",,
Taylor_Jared_Technical Report.pdf,"information collected, as well as see any special accommodation requests so they can adjust the",,
Taylor_Jared_Technical Report.pdf,venue as necessary.,,
Taylor_Jared_Technical Report.pdf,5. Conclusions There is a lot the development team can take away from this project. The most important,,
Taylor_Jared_Technical Report.pdf,"takeaway is the importance of effective communication. Early on, we had some trouble",,
Taylor_Jared_Technical Report.pdf,communicating our ideas with our customer. It can be a bit of a challenge to explain extremely,,
Taylor_Jared_Technical Report.pdf,"technical topics to a customer who has very limited technical knowledge. Moreover, many times,",,
Taylor_Jared_Technical Report.pdf,the customer tended to overestimate our abilities and asked for a lot more than what is possible,,
Taylor_Jared_Technical Report.pdf,with only four undergraduate students. These are very common issues that will arise in the,,
Taylor_Jared_Technical Report.pdf,software engineering industry. Many people tend to not see the blood and sweat that goes into,,
Taylor_Jared_Technical Report.pdf,building a software as they only see the final product. They may feel that a software is magically,,
Taylor_Jared_Technical Report.pdf,"built, and as such, software engineers can easily build something in a short amount of time,",,
Taylor_Jared_Technical Report.pdf,"which is definitely not the case for anyone who has ever attempted coding. Ultimately, we",,
Taylor_Jared_Technical Report.pdf,resolved this issue by sitting down with our customer and explaining the situation to her,,
Taylor_Jared_Technical Report.pdf,"carefully, ensuring that she understands clearly where we are coming from. Working on this project has shown us the importance of e-commerce, especially as it",,
Taylor_Jared_Technical Report.pdf,pertains to smaller businesses. With the limited funds that many small businesses or arts centers,,
Taylor_Jared_Technical Report.pdf,"have, it can be very difficult for them to afford some of the software systems offered out there by",,
Taylor_Jared_Technical Report.pdf,the bigger companies such as Amazon or Google. By providing free coding services to many of,,
Taylor_Jared_Technical Report.pdf,"these smaller, non-profit businesses, we can help give them a leg up in survival and keeping up",,
Taylor_Jared_Technical Report.pdf,with the modern times. Doing so allows for a further reach of the arts that ChoreoNova wants to,,
Taylor_Jared_Technical Report.pdf,"provide, letting them share their hard work and mission to more people. Digitalizing also allows",,
Taylor_Jared_Technical Report.pdf,"them to be able to continue to share their art well into the future, helping them become more",,
Taylor_Jared_Technical Report.pdf,self-sufficient by having their own ticketing system. The arts are an important facet to human,,
Taylor_Jared_Technical Report.pdf,expression and changes with societal moods. We are all very proud to have been able to,,
Taylor_Jared_Technical Report.pdf,"contribute to sharing the arts with more people, in Charlottesville and beyond, one ticket at a",,
Taylor_Jared_Technical Report.pdf,time.,,
Taylor_Jared_Technical Report.pdf,"6. Future Work Due to a lack of time, our ticketing system, while complete and functional, has some",,
Taylor_Jared_Technical Report.pdf,"potential components that can be added in the future if given more time, resources, and funding.",,
Taylor_Jared_Technical Report.pdf,"The following features and ideas can be implemented in the future: 1. Having a fully functioning user login and signup system was a planned feature from the original semester: As we got closer to the end of the project, we came to the conclusion that the feature was too far out of the pipeline of the functionality and was deemed not feasible for the scale of this application. A login / signup system could be implemented if given more time and resources, however, and the system could keep track of user statistics, ticket history, and other demographic information that is currently stored in its own simple model that ChoreoNova could use as part of their show planning strategy. 2. Having a more robust calendar system that actually had a month-by-month calendar in a traditional design: The primary reason why this did not come to be was because of the fact that the number of shows done per year by ChoreoNova, as of Spring 2020, was not enough to reasonably need a detailed calendar system without it looking mostly empty. In the future if ChoreoNova does expand to more than 3-5 shows per year, having an HTML style calendar could be a very aesthetic feature to try to implement. 3. Developing a more convenient way to add seats to the database: The scope of what functionality seat reservation actually needed was fairly small in comparison to the project as a whole. Unfortunately, as a result, actually changing the administrative page to have a faster way to add seat objects, as well as providing a way to directly upload theater images to the front end of the site, were not tasks that we were able to complete within the group size and time allotted. However, since our client claimed that seat reservation was situational (depending on the event), we felt that our current system was sufficient. The items described above are simply optional features that we felt could be implemented",,
Taylor_Jared_Technical Report.pdf,"in the future. Given our experience with customer management and product development, our",,
Taylor_Jared_Technical Report.pdf,team would be equipped to handle these features if given a theoretical opportunity to reset the,,
Taylor_Jared_Technical Report.pdf,"development process. In the future, because of these experiences, we as a group feel confident that we can",,
Taylor_Jared_Technical Report.pdf,tackle larger projects and communicate more efficiently and effectively with our client. Our,,
Taylor_Jared_Technical Report.pdf,"client meetings, especially in the later sprints, proved to have problems with actually having our",,
Taylor_Jared_Technical Report.pdf,"client keep a more focused scope for her project, and we had to learn how to negotiate on what",,
Taylor_Jared_Technical Report.pdf,features were the most important for a project of her size. Even though we have performed to the,,
Taylor_Jared_Technical Report.pdf,"best of our current abilities given the circumstances, we each individually feel more able to better",,
Taylor_Jared_Technical Report.pdf,manage these types of problems in the future.,,
Taylor_Jared_Technical Report.pdf,Adam Johnson. (n.d.). Retrieved from https://adamj.eu/tech/2019/04/30/getting-a-django-application-to-100-percent-coverage/,,
Taylor_Jared_Technical Report.pdf,Coverage.py. (n.d.). Retrieved from https://coverage.readthedocs.io/en/latest/,,
Taylor_Jared_Technical Report.pdf,EventBrite (n.d.). Retrieved from https://www.eventbrite.com/blog/academy/event-data-analytics/,,
Taylor_Jared_Technical Report.pdf,TicketMaster (n.d.). Retrieved from http://pages.tmclient.ticketmaster.com/page.aspx?QS=5c591a8916642e73763a937a7205e e1dcdc8ffd94f7dc4333a1af9702427839a,,
Technical Report (1).pdf,"Virginia Department of Environmental Quality (VADEQ). (2013). Virginia DCR Stormwater Design Specification No. 10: Dry Swales, Ver. 2.0. retrieved from: https://www.swbmp.vwrrc.vt.edu/wp-content/uploads/BMP_Spec_No_10_DRY_SWAL E.pdf Virginia Department of Environmental Quality (VADEQ). (2013). Virginia DCR Stormwater Design Specification No. 9: Bioretention, Ver. 2.0. retrieved from: https://www.swbmp.vwrrc.vt.edu/wp-content/uploads/BMP_Spec_No_9_BIORETENTI ON.pdf Section 7 Cost Proposal Erosion and Sediment Control Item Quantity Unit Unit Price Cost Silt Fence 2565 LF $5 $12,825 Tree Protection Fencing 6125 LF $3 $18,375 Diversion Dike 2275 LF $8 $18,200 Construction Entrance 2 EA $4,000 $8,000 Inlet Protection 4 EA $175 $700 Sediment Trap 1 EA $4,000 $4,000 Sediment Basin 1 EA $15,000 $15,000 Sub-Total: $77,150 Contingency (10%): $7,715 Total: $84,865 BMPs Bioretention Bioretention Calculations: Item Area (SF) Thickness (FT) Volume (CF) Volume (CY) 36” soil media 8,800 3 26,400 978 3” pea gravel 8,800 0.25 2,200 82 Item Area (SF) Thickness (FT) Volume (CF) Volume (Ton) 12” No. 57 stone 8,800 1 8,800 455 Bioretention Construction Costs: Category Item Quantity Unit Unit Price Cost",,
Technical Report (1).pdf,"Construction 36” soil media 980 CY $65 $63,700 6” PVC underdrain 151 LF $40 $6,040 3” pea gravel 85 CY $40 $3,400 12” No. 57 stone 455 Ton $30 $13,650 Geotextile 980 SY $10 $9,800 PVC clean-outs 3 EA $200 $600 Earthwork Fill soil 2612.52 CY $30 $78,376 Sub-Total: $175,566 Contingency (10%): $17,557 Total: $193,123 Bioretention Annualized Costs: TP Nutrient Removal = 2.79 lb Cost = $69,220 / lb TP removed TN Nutrient Removal = 20.38 lb Cost = $9,476 / lb TN removed Volume Reduction = 3,947 cu.ft Cost = $49 / cu.ft. volume reduced Dry Swale Dry Swale Calculations: Item Area (SF) Thickness (FT) Volume (CF) Volume (CY) 3” pea gravel 4,500 0.25 1,125 42 24” soil media 4,500 2 9,000 333 Item Area (SF) Thickness (FT) Volume (CF) Volume (Ton) 13” No. 57 stone 4,500 1.083 4,875 250 Dry Swale Construction Costs: Category Item Quantity Unit Unit Price Cost",,
Technical Report (1).pdf,"Construction Rock check dam 3 EA $500 $1,500 4” PVC cleanouts 3 EA $200 $600 4” PVC underdrain 165 LF $40 $6,600 3” pea gravel 45 CY $40 $1,800 Geotextile 500 SY $10 $5,000 13” No. 57 stone 250 Ton $30 $7,500 24” soil media 335 CY $65 $21,775 Earthwork Fill soil 184.58 CY $30 $5,537 Sub-Total: $50,312 Contingency (10%): $5,031 Total: $55,343 Dry Swale Annualized Costs: TP Nutrient Removal: 3.38 lb Cost = $16,374 / lb TP removed TN Nutrient Removal: 23.56 lb Cost = $2,349 / lb TN removed Volume Reduction: 4,255 cu.ft. Cost = $13 / cu.ft. volume reduced Culvert Work Category Item Quantity Unit Unit Price Cost Replacement Box Culvert 5’ x 6’ 356 LF $1000 $356,000 Sub-Total: $356,000 Contingency (10%): $35,600 Total: $391,600 Section 8 Schedule Before Winter Break: After Winter Break: Section 9",,
Technical Report.pdf,"[1] J. J. Craig, Introduction to Robotics: Mechanics and Control, 2nd ed. Boston,MA,USA:Addison-WesleyLongmanPublishingCo.,Inc.,1989.",,
Technical Report.pdf,"[2] T.Foote,“tf:Thetransformlibrary,”inTechnologiesforPracticalRobot Applications(TePRA),2013IEEEInternationalConferenceon,ser.Open- SourceSoftwareworkshop,April2013,pp.1–6.",,
Technical Report.pdf,"[3] D.Engler,D.Y.Chen,S.Hallen,A.Chou,andB.Chelf,“Bugsasdeviant behavior: A general approach to inferring errors in systems code,” in Proc.oftheeighteenthACMsymposiumonOperatingsystemsprinciples (SOSP’01),BanffAlberta,Canada,Oct.2001,pp.57–72.",,
VazRapsoMendesdeAlmeida_Antonio_STS Research Paper.pdf,"Bellis, M. (2019, July 3). Detailed Timelines of the History of American Agriculture. Retrieved from https://www.thoughtco.com/history-of-american-agriculture-farm-machinery- 4074385",,
VazRapsoMendesdeAlmeida_Antonio_STS Research Paper.pdf,"Bijker, W. E. (2002). Of bicycles, Bakelites, and bulbs: Toward a theory of sociotechnical change. Cambridge, MA: MIT Press.",,
VazRapsoMendesdeAlmeida_Antonio_STS Research Paper.pdf,"Bijker, W. E., & Pinch, T.F. (1987). The Social Construction of Technological Systems: New",,
VazRapsoMendesdeAlmeida_Antonio_STS Research Paper.pdf,"Directions in the Sociology and History of Technology (Anniversary edition, pp. xixxxiv). Cambridge: MIT Press.",,
VazRapsoMendesdeAlmeida_Antonio_STS Research Paper.pdf,"Crawford, D. W., & Deal, E. (1939) Allen Teavis. [Manuscript]. Folklore Project, Life Histories, 1936-39, Federal Writer’s Project, U.S. Work Projects Administration. Retrieved from the Library of Congress, https://www.loc.gov/item/wpalh001795/.",,
VazRapsoMendesdeAlmeida_Antonio_STS Research Paper.pdf,"Donovan, F. & Botsford, A. (1938) Recreation. [Manuscript/Mixed Material] Folklore Project, Life Histories, 1936-39, Federal Writer’s Project, U.S. Work Projects Administration. Retrieved from the Library of Congress, https://www.loc.gov/item/wpalh000115/.",,
VazRapsoMendesdeAlmeida_Antonio_STS Research Paper.pdf,"Elferink, M. & Schierhorn, F. (2019, April 7). Global demand for food is rising. Can we meet it? Harvard Business Review. Retrieved from https://hbr.org/2016/04/global-demand-for- food-is-rising-can-we-meet-it",,
VazRapsoMendesdeAlmeida_Antonio_STS Research Paper.pdf,"Ellenberg, G. B. (2000). Debating Farm Power: Draft Animals, Tractors, and the United States Department of Agriculture. Agricultural History Society, 74(2), 545–568. Retrieved from https://www.jstor.org/stable/3744871",,
VazRapsoMendesdeAlmeida_Antonio_STS Research Paper.pdf,"Falconer, R. (2019). Dorian's devastation in Bahamas: What you need to know. Retrieved from https://www.axios.com/dorian-photos-bahamas-damage-1dc7233d-ab09-4b39-a9f1- c39ed04a5f6a.html.",,
VazRapsoMendesdeAlmeida_Antonio_STS Research Paper.pdf,"Gray, R. B. (1975). The Agricultural tractor: 1855-1950. St. Joseph: ASAE.",,
VazRapsoMendesdeAlmeida_Antonio_STS Research Paper.pdf,"Handschin, W. F., Andrews, J. B., & Rauchenstein, E. (1921). The Horse and the Tractor: An Economic Study of Their Use on Farms in Central Illinois. University of Illinois: Agricultural Experiment Station Bulletin, 231. Retrieved from https://www.ideals.illinois.edu/bitstream/handle/2142/3286/horsetractorecon00hand.pdf",,
VazRapsoMendesdeAlmeida_Antonio_STS Research Paper.pdf,"Hughes, T. P. (1994). Technological Momentum. In M. R. Smith (Ed.), Does Technology Drive History?: The Dilemma of Technological Determinism (pp. 101–113). Cambridge: MIT Press.",,
VazRapsoMendesdeAlmeida_Antonio_STS Research Paper.pdf,"Kanipe, C. & Deal, E. (1939) Cecil Kanipe. [Manuscript/Mixed Material] Folklore Project, Life Histories, 1936-39, Federal Writer’s Project, U.S. Work Projects Administration. Retrieved from the Library of Congress, https://www.loc.gov/item/wpalh001770/.",,
VazRapsoMendesdeAlmeida_Antonio_STS Research Paper.pdf,"Larsen, L. (1981). Farm tractors 1950-1975. St. Joseph, MI: American Society of Agricultural Engineers.",,
VazRapsoMendesdeAlmeida_Antonio_STS Research Paper.pdf,"Leffingwell, R. (2010). Classic farm tractors: history of the farm tractor. New York: Crestline.",,
VazRapsoMendesdeAlmeida_Antonio_STS Research Paper.pdf,"Lankenau, G. F. D., & Winter, A. G. (2019). An Engineering Review of the Farm Tractors Evolution to a Dominant Design. Journal of Mechanical Design, 141(3). doi: 10.1115/1.4042338",10.1115/1.4042338,Valid
VazRapsoMendesdeAlmeida_Antonio_STS Research Paper.pdf,"Manuelli, R. E., & Seshadri, A. (2014). Frictionless Technology Diffusion: The Case of Tractors. The American Economic Review, 104(4), 1368–1391. Retrieved from https://www.ssc.wisc.edu/~aseshadr/Publications/tractor.pdf",,
VazRapsoMendesdeAlmeida_Antonio_STS Research Paper.pdf,"Masumoto, D. M. (2013, August 24). When tractors replaced horses. The Fresno Bee. Retrieved from http://www.columbia.org/pdf_files/masmasumoto14.pdf",,
VazRapsoMendesdeAlmeida_Antonio_STS Research Paper.pdf,"Olmstead, A. L., & Rhode, P. W. (2000). The Diffusion of the Tractor in American Agriculture: 1910-60. NBER Working Paper No. 7947. Retrieved from http://www.nber.org/papers/w7947",,
VazRapsoMendesdeAlmeida_Antonio_STS Research Paper.pdf,"Pool, A. D. & Saunders, W. O. (1938) He Never Wanted Land Till Now. [Manuscript/Mixed Material] Folklore Project, Life Histories, 1936-39, Federal Writer’s Project, U.S. Work Projects Administration. Retrieved from the Library of Congress, https://www.loc.gov/item/wpalh001885/.",,
VazRapsoMendesdeAlmeida_Antonio_STS Research Paper.pdf,"Steckel, R., & White, W. (2012). Engines of Growth: Farm Tractors and Twentieth-Century U.S. Economic Welfare. doi: 10.3386/w17879",10.3386/w17879,Valid
VazRapsoMendesdeAlmeida_Antonio_STS Research Paper.pdf,"U.S. Census of Agriculture (1952). U.S. Census of Agriculture: 1950, V, Special Reports, 69- 102. Washington D.C. 25: U.S. Government Printing Office. Retrieved from https://www2.census.gov/prod2/decennial/documents/41667073v5p6ch4.pdf",,
VazRapsoMendesdeAlmeida_Antonio_Technical Report.pdf,[1] “The Future we want: Rio 20: United,,
VazRapsoMendesdeAlmeida_Antonio_Technical Report.pdf,Nations Conference on Sustainable,,
VazRapsoMendesdeAlmeida_Antonio_Technical Report.pdf,"Development, 20-22 June 2012, Rio de",,
VazRapsoMendesdeAlmeida_Antonio_Technical Report.pdf,"Janeiro, Brazil,” in The Future we want: Rio",,
VazRapsoMendesdeAlmeida_Antonio_Technical Report.pdf,20: United Nations Conference on,,
VazRapsoMendesdeAlmeida_Antonio_Technical Report.pdf,"Sustainable Development, 20-22 June 2012,",,
VazRapsoMendesdeAlmeida_Antonio_Technical Report.pdf,"Rio de Janeiro, Brazil, 2013.",,
VazRapsoMendesdeAlmeida_Antonio_Technical Report.pdf,"[2] P. Beaumont, “Hurricane Dorian",,
VazRapsoMendesdeAlmeida_Antonio_Technical Report.pdf,destruction set to cost Bahamas 'up to,,
VazRapsoMendesdeAlmeida_Antonio_Technical Report.pdf,"billions',” The Guardian, 04-Sep-2019.",,
VazRapsoMendesdeAlmeida_Antonio_Technical Report.pdf,[Online]. Available:,,
VazRapsoMendesdeAlmeida_Antonio_Technical Report.pdf,https://www.theguardian.com/world/2019/se,,
VazRapsoMendesdeAlmeida_Antonio_Technical Report.pdf,p/04/bahamas-reels-hurricane-dorian-damag,,
VazRapsoMendesdeAlmeida_Antonio_Technical Report.pdf,e-cost-hundreds-millions. [Accessed:,,
VazRapsoMendesdeAlmeida_Antonio_Technical Report.pdf,09-Apr-2020].,,
VazRapsoMendesdeAlmeida_Antonio_Technical Report.pdf,[3] “Hurricane Dorian: WFP Support to the,,
VazRapsoMendesdeAlmeida_Antonio_Technical Report.pdf,NEMA/CDEMA-led humanitarian response,,
VazRapsoMendesdeAlmeida_Antonio_Technical Report.pdf,"in the Bahamas Situation Report #02, 06",,
VazRapsoMendesdeAlmeida_Antonio_Technical Report.pdf,"September 2019 - Bahamas,” ReliefWeb,",,
VazRapsoMendesdeAlmeida_Antonio_Technical Report.pdf,06-Sep-2019. [Online]. Available:,,
VazRapsoMendesdeAlmeida_Antonio_Technical Report.pdf,https://reliefweb.int/report/bahamas/hurrican,,
VazRapsoMendesdeAlmeida_Antonio_Technical Report.pdf,e-dorian-wfp-support-nemacdema-led-huma,,
VazRapsoMendesdeAlmeida_Antonio_Technical Report.pdf,nitarian-response-bahamas-situation.,,
VazRapsoMendesdeAlmeida_Antonio_Technical Report.pdf,[Accessed: 09-Apr-2020].,,
VazRapsoMendesdeAlmeida_Antonio_Technical Report.pdf,[4] Food and Agriculture Organization of,,
VazRapsoMendesdeAlmeida_Antonio_Technical Report.pdf,"the United Nations, “Excessive food imports",,
VazRapsoMendesdeAlmeida_Antonio_Technical Report.pdf,"threaten SIDS economies,” FAO Site, 2008.",,
VazRapsoMendesdeAlmeida_Antonio_Technical Report.pdf,[Online]. Available:,,
VazRapsoMendesdeAlmeida_Antonio_Technical Report.pdf,http://www.fao.org/newsroom/en/focus/200,,
VazRapsoMendesdeAlmeida_Antonio_Technical Report.pdf,5/1000142/article_1000149en.html.,,
VazRapsoMendesdeAlmeida_Antonio_Technical Report.pdf,[Accessed: 09-Apr-2020].,,
VazRapsoMendesdeAlmeida_Antonio_Technical Report.pdf,"[5] Savvas, D. (2003, January 24).",,
VazRapsoMendesdeAlmeida_Antonio_Technical Report.pdf,Hydroponics: A modern technology,,
VazRapsoMendesdeAlmeida_Antonio_Technical Report.pdf,supporting the application of integrated crop,,
VazRapsoMendesdeAlmeida_Antonio_Technical Report.pdf,management in greenhouse. Retrieved April,,
VazRapsoMendesdeAlmeida_Antonio_Technical Report.pdf,"9, 2020, from",,
VazRapsoMendesdeAlmeida_Antonio_Technical Report.pdf,https://pdfs.semanticscholar.org/b334/0b0d3,,
VazRapsoMendesdeAlmeida_Antonio_Technical Report.pdf,ac38b219eac05e3390dc680f0d47741.pdf,,
VazRapsoMendesdeAlmeida_Antonio_Technical Report.pdf,Author Information,,
VazRapsoMendesdeAlmeida_Antonio_Technical Report.pdf,"Shayne Cassidy, Student, Department of",,
VazRapsoMendesdeAlmeida_Antonio_Technical Report.pdf,"Engineering Systems and Environment,",,
VazRapsoMendesdeAlmeida_Antonio_Technical Report.pdf,University of Virginia.,,
VazRapsoMendesdeAlmeida_Antonio_Technical Report.pdf,"Matthew Coulter, Student, Department of",,
VazRapsoMendesdeAlmeida_Antonio_Technical Report.pdf,"Engineering Systems and Environment,",,
VazRapsoMendesdeAlmeida_Antonio_Technical Report.pdf,University of Virginia.,,
VazRapsoMendesdeAlmeida_Antonio_Technical Report.pdf,"Thomas Finkelston, Student, Department",,
VazRapsoMendesdeAlmeida_Antonio_Technical Report.pdf,"of Engineering Systems and Environment,",,
VazRapsoMendesdeAlmeida_Antonio_Technical Report.pdf,University of Virginia.,,
VazRapsoMendesdeAlmeida_Antonio_Technical Report.pdf,"Klara Hoherchak, Student, Department of",,
VazRapsoMendesdeAlmeida_Antonio_Technical Report.pdf,"Engineering Systems and Environment,",,
VazRapsoMendesdeAlmeida_Antonio_Technical Report.pdf,University of Virginia.,,
VazRapsoMendesdeAlmeida_Antonio_Technical Report.pdf,"Antonio Mendes de Almeida, Student,",,
VazRapsoMendesdeAlmeida_Antonio_Technical Report.pdf,Department of Engineering Systems and,,
VazRapsoMendesdeAlmeida_Antonio_Technical Report.pdf,"Environment, University of Virginia.",,
VazRapsoMendesdeAlmeida_Antonio_Technical Report.pdf,"Griffin Ott, Student, Department of",,
VazRapsoMendesdeAlmeida_Antonio_Technical Report.pdf,"Engineering Systems and Environment,",,
VazRapsoMendesdeAlmeida_Antonio_Technical Report.pdf,University of Virginia.,,
VazRapsoMendesdeAlmeida_Antonio_Technical Report.pdf,"Colin Patton, Student, Department of",,
VazRapsoMendesdeAlmeida_Antonio_Technical Report.pdf,"Engineering Systems and Environment,",,
VazRapsoMendesdeAlmeida_Antonio_Technical Report.pdf,University of Virginia.,,
VazRapsoMendesdeAlmeida_Antonio_Technical Report.pdf,"Kaila Stein, Student, Department of",,
VazRapsoMendesdeAlmeida_Antonio_Technical Report.pdf,"Engineering Systems and Environment,",,
VazRapsoMendesdeAlmeida_Antonio_Technical Report.pdf,University of Virginia.,,
Xiao_Sophia_STS Research Paper.pdf,"Abe-Kim, J., Takeuchi, D. T., Hong, S., Zane, N., Sue, S., Spencer, M. S., Appel, H., Nicdao, E., & Alegría, M. (2007). Use of Mental Health–Related Services Among Immigrant and US-Born Asian Americans: Results From the National Latino and Asian American Study. American Journal of Public Health, 97(1), 91–98. https://doi.org/10.2105/AJPH.2006.098541",10.2105/AJPH.2006.098541,Valid
Xiao_Sophia_STS Research Paper.pdf,"Asian American—The Office of Minority Health. (n.d.). Retrieved April 10, 2020, from https://minorityhealth.hhs.gov/omh/browse.aspx?lvl=3&lvlid=63",,
Xiao_Sophia_STS Research Paper.pdf,"Augsberger, A., Yeung, A., Dougher, M., & Hahm, H. C. (2015). Factors influencing the underutilization of mental health services among Asian American women with a history of depression and suicide. BMC Health Services Research, 15(1), 542. https://doi.org/10.1186/s12913-015-1191-7",10.1186/s12913-015-1191-7,Valid
Xiao_Sophia_STS Research Paper.pdf,"Batalden, M., Batalden, P., Margolis, P., Seid, M., Armstrong, G., Opipari-Arrigan, L., & Hartung, H. (2016). Coproduction of healthcare service. BMJ Quality & Safety, 25(7), 509–517. https://doi.org/10.1136/bmjqs-2015-004315",10.1136/bmjqs-2015-004315,Valid
Xiao_Sophia_STS Research Paper.pdf,"Caring for Asian immigrants: Tips on culture that can enhance patient care. (2014). The Journal of Family Practice, 63(1). https://www.mdedge.com/familymedicine/article/79645/practice-management/caring- asian-immigrants-tips-culture-can-enhance",,
Xiao_Sophia_STS Research Paper.pdf,"Farrell, J. L., & Goebert, D. A. (2008). Collaboration Between Psychiatrists and Clergy in Recognizing and Treating Serious Mental Illness. Psychiatric Services, 59(4), 437–440. https://doi.org/10.1176/ps.2008.59.4.437",10.1176/ps.2008.59.4.437,Valid
Xiao_Sophia_STS Research Paper.pdf,"Filipe, A., Renedo, A., & Marston, C. (2017). The co-production of what? Knowledge, values, and social relations in health care. PLOS Biology, 15(5), e2001403. https://doi.org/10.1371/journal.pbio.2001403",10.1371/journal.pbio.2001403,Valid
Xiao_Sophia_STS Research Paper.pdf,"General (US), O. of the S., Services (US), C. for M. H., & Health (US), N. I. of M. (2001). Chapter 5 Mental Health Care for Asian Americans and Pacific Islanders. Substance Abuse and Mental Health Services Administration (US). https://www.ncbi.nlm.nih.gov/books/NBK44245/",,
Xiao_Sophia_STS Research Paper.pdf,"Gillard, S., Simons, L., Turner, K., Lucock, M., & Edwards, C. (2012). Patient and Public Involvement in the Coproduction of Knowledge: Reflection on the Analysis of Qualitative Data in a Mental Health Study. Qualitative Health Research, 22(8), 1126– 1137. https://doi.org/10.1177/1049732312448541",10.1177/1049732312448541,Valid
Xiao_Sophia_STS Research Paper.pdf,"How data disaggregation matters for Asian Americans and Pacific Islanders. (2016, December 14). Equitable Growth. https://equitablegrowth.org/how-data-disaggregation-matters-for- asian-americans-and-pacific-islanders/",,
Xiao_Sophia_STS Research Paper.pdf,"Huang, J., Jones, K., Regenstein, M., & Ramos, C. (2009). Talking with Patients: How Hospitals Use Bilingual Clinicians and Staff to Care for Patients with Language Needs. Health Policy and Management Issue Briefs. https://hsrc.himmelfarb.gwu.edu/sphhs_policy_briefs/26",,
Xiao_Sophia_STS Research Paper.pdf,"John, D. A., & Williams, D. R. (2013). Mental health service use from a religious or spiritual advisor among Asian Americans. Asian Journal of Psychiatry, 6(6), 599–605. https://doi.org/10.1016/j.ajp.2013.03.009",10.1016/j.ajp.2013.03.009,Valid
Xiao_Sophia_STS Research Paper.pdf,"Lin, L., Stamm, K., & Christidis, P. (2018). Demographics of the U.S. Psychology Workforce: Findings from the 2007-16 American Community Survey: (506742018-001) [Data set]. American Psychological Association. https://doi.org/10.1037/e506742018-001",10.1037/e506742018-001,Valid
Xiao_Sophia_STS Research Paper.pdf,"Masland, M. C., Lou, C., & Snowden, L. (2010). Use of Communication Technologies to Cost- Effectively Increase the Availability of Interpretation Services in Healthcare Settings. Telemedicine Journal and E-Health, 16(6), 739–745. https://doi.org/10.1089/tmj.2009.0186",10.1089/tmj.2009.0186,Valid
Xiao_Sophia_STS Research Paper.pdf,"Mattson, G. A. (1986). The Promise of Citizen Coproduction: Some Persistent Issues. Public Productivity Review, 10(2), 51–56. JSTOR. https://doi.org/10.2307/3380451",10.2307/3380451,Valid
Xiao_Sophia_STS Research Paper.pdf,"Mental Health By the Numbers | NAMI: National Alliance on Mental Illness. (n.d.). Retrieved October 22, 2019, from https://www.nami.org/learn-more/mental-health-by-the-numbers",,
Xiao_Sophia_STS Research Paper.pdf,"Milenkovic, M. (2019, September 25). 42 Worrying Workplace Stress Statistics. Retrieved May 06, 2020, from https://www.stress.org/42-worrying-workplace-stress-statistics",,
Xiao_Sophia_STS Research Paper.pdf,"Murray, C. B. (2015). Culture as a Determinant of Mental Health. In J. D. Wright (Ed.), International Encyclopedia of the Social & Behavioral Sciences (Second Edition) (pp. 570–575). Elsevier. https://doi.org/10.1016/B978-0-08-097086-8.14011-5",10.1016/B978-0-08-097086-8.14011-5,Valid
Xiao_Sophia_STS Research Paper.pdf,"NIMH » Technology and the Future of Mental Health Treatment. (n.d.). Retrieved October 30, 2019, from https://www.nimh.nih.gov/health/topics/technology-and-the-future-of-mental- health-treatment/index.shtml",,
Xiao_Sophia_STS Research Paper.pdf,"NW, 1615 L. St, Suite 800Washington, & Inquiries, D. 20036USA202-419-4300 | M.-857-8562 | F.-419-4372 | M. (n.d.-a). Key findings about U.S. immigrants. Pew Research Center. Retrieved February 21, 2020, from https://www.pewresearch.org/fact- tank/2019/06/17/key-findings-about-u-s-immigrants/",,
Xiao_Sophia_STS Research Paper.pdf,"NW, 1615 L. St, Suite 800Washington, & Inquiries, D. 20036USA202-419-4300 | M.-857-8562 | F.-419-4372 | M. (n.d.-b). The challenges of polling Asian Americans. Pew Research Center. Retrieved February 21, 2020, from https://www.pewresearch.org/fact- tank/2016/05/11/the-challenges-of-polling-asian-americans/",,
Xiao_Sophia_STS Research Paper.pdf,"Ramakrishnan, K., & Ahmad, F. Z. (n.d.). Language Diversity and English Proficiency. 9.",,
Xiao_Sophia_STS Research Paper.pdf,"Shih, K., Chang, T.-F., & Chen, S. (2019). Impacts of the Model Minority Myth on Asian American Individuals and Families: Social Justice and Critical Race Feminist Perspectives. Journal of Family Theory & Review. https://doi.org/10.1111/jftr.12342",10.1111/jftr.12342,Valid
Xiao_Sophia_STS Research Paper.pdf,"Team, the C. H. P. (n.d.). Medicare Extra for All. Center for American Progress. Retrieved February 17, 2020, from https://www.americanprogress.org/issues/healthcare/reports/2018/02/22/447095/medicare -extra-for-all/",,
Xiao_Sophia_STS Research Paper.pdf,"Wong, E. C., Collins, R. L., Cerully, J. L., Yu, J. W., & Seelam, R. (2018). Effects of contact- based mental illness stigma reduction programs: Age, gender, and Asian, Latino, and White American differences. Social Psychiatry and Psychiatric Epidemiology, 53(3), 299–308. https://doi.org/10.1007/s00127-017-1459-9",10.1007/s00127-017-1459-9,Valid
Xiao_Sophia_Technical Report.pdf,"[1] “Dangerously Stressful Work Environments Force Workers to Seek New Employment,” Monster.com, 14-Apr-2016. [Online]. Available: https://www.monster.com/about/a/dangerously-stressful-work- environments-force-workers-to-seek-new-empl4162014-d3126696.",,
Xiao_Sophia_Technical Report.pdf,"[2] T. W. Colligan and E. M. Higgins, “Workplace Stress,” Journal of Workplace Behavioral Health, vol. 21, no. 2, pp. 89–97, 2006.",,
Xiao_Sophia_Technical Report.pdf,"[3] B. Bandelow, S. Michaelis, and D. Wedekind, “Treatment of anxiety disorders,” Dialogues Clin Neurosci, vol. 19, no. 2, pp. 93–107, Jun. 2017.",,
Xiao_Sophia_Technical Report.pdf,"[4] R. Kaplan and S. Kaplan, The experience of nature: a psychological perspective. Ulrich's, 1995.",,
Xiao_Sophia_Technical Report.pdf,"[5] D. Li and W. C. Sullivan, “Impact of views to school landscapes on recovery from stress and mental fatigue,” Landscape and Urban Planning, vol. 148, pp. 149–158, 2016.",,
Xiao_Sophia_Technical Report.pdf,"[6] A. Gorini and G. Riva, “Virtual reality in anxiety disorders: the past and the future,” Expert Review of Neurotherapeutics, vol. 8, no. 2, pp. 215– 233, 2008.",,
Xiao_Sophia_Technical Report.pdf,"[7] C.-P. Yu, H.-Y. Lee, and X.-Y. Luo, “The effect of virtual reality forest and urban environments on physiological and psychological responses,” Urban Forestry &amp; Urban Greening, vol. 35, pp. 106–114, 2018.",,
Xiao_Sophia_Technical Report.pdf,"[8] E. Mcallister, N. Bhullar, and N. S. Schutte, “Into the Woods or a Stroll in the Park: How Virtual Contact with Nature Impacts Positive and Negative Affect,” International Journal of Environmental Research and Public Health, vol. 14, no. 7, p. 786, 2017.",,
Xiao_Sophia_Technical Report.pdf,"[9] D. Valtchanov and C. Ellard, “Physiological and affective responses to immersion in virtual reality: Effects of nature and urban settings,” Journal of Cyber Therapy and Rehabilitation, vol. 3, pp. 359–373, 2010.",,
Xiao_Sophia_Technical Report.pdf,"[10] M. Krijn, P. Emmelkamp, R. Olafsson, and R. Biemond, “Virtual reality exposure therapy of anxiety disorders: A review,” Clinical Psychology Review, vol. 24, no. 3, pp. 259–281, 2004.",,
Xiao_Sophia_Technical Report.pdf,"[11] D. Opriş, S. Pintea, A. García-Palacios, C. Botella, Ş. Szamosközi, and D. David, “Virtual reality exposure therapy in anxiety disorders: a quantitative meta-analysis,” Depression and Anxiety, vol. 29, no. 2, pp. 85–93, 2011.",,
Xiao_Sophia_Technical Report.pdf,"[12] T. Gao, T. Zhang, L. Zhu, Y. Gao, and L. Qiu, “Exploring Psychophysiological Restoration and Individual Preference in the Different Environments Based on Virtual Reality,” International Journal of Environmental Research and Public Health, vol. 16, no. 17, p. 3102, 2019.",,
Xiao_Sophia_Technical Report.pdf,"[13] A. Kjellgren and H. Buhrkall, “A comparison of the restorative effect of a natural environment with that of a simulated natural environment,” Journal of Environmental Psychology, vol. 30, no. 4, pp. 464–472, 2010.",,
Xiao_Sophia_Technical Report.pdf,"[14] H.-G. Kim, E.-J. Cheon, D.-S. Bai, Y. H. Lee, and B.-H. Koo, “Stress and Heart Rate Variability: A Meta-Analysis and Review of the Literature,” Psychiatry Investigation, vol. 15, no. 3, pp. 235–245, 2018.",,
Xiao_Sophia_Technical Report.pdf,"[15] G. Matthews, D. M. Jones, and A. G. Chamberlain, “Refining the measurement of mood: The UWIST Mood Adjective Checklist,” British Journal of Psychology, vol. 81, no. 1, pp. 17–42, 1990.",,
Xiao_Sophia_Technical Report.pdf,"[16] F. S. Mayer, C. M. Frantz, E. Bruehlman-Senecal, and K. Dolliver, “Why Is Nature Beneficial?,”",,
Xiao_Sophia_Technical Report.pdf,"[17] N. S. Schutte, N. Bhullar, E. J. Stilinović, and K. Richardson, “The Impact of Virtual Environments on Restorativeness and Affect,” Ecopsychology, vol. 9, no. 1, pp. 1–7, 2017.",,
Xiao_Sophia_Technical Report.pdf,"[18] J. Roe, C. Thompson, P. Aspinall, M. Brewer, E. Duff, D. Miller, R. Mitchell, and A. Clow, “Green Space and Stress: Evidence from Cortisol Measures in Deprived Urban Communities,” International Journal of Environmental Research and Public Health, vol. 10, no. 9, pp. 4086–4103, 2013.",,
Xiao_Sophia_Technical Report.pdf,"[19] M. Hedblom, B. Gunnarsson, B. Iravani, I. Knez, M. Schaefer, P. Thorsson, and J. N. Lundström, “Reduction of physiological stress by urban green space in a multisensory virtual experiment,” Scientific Reports, vol. 9, no. 1, 2019. AUTHOR INFORMATION",,
Xiao_Sophia_Technical Report.pdf,"Bailey Biber, Max Dodge, Melanie Gonzalez, Raymond",,
Xiao_Sophia_Technical Report.pdf,"Huang, Liv Johnson, Zach Martin, Amanda Sieger, Vy Lan",,
Xiao_Sophia_Technical Report.pdf,"Tran, Sophia Xiao, Undergraduate Students, Department of",,
Xiao_Sophia_Technical Report.pdf,"Engineering Systems and Environment, University of Virginia",,
Xiao_Sophia_Technical Report.pdf,"Laura E. Barnes, Ph.D., Associate Professor, Department of",,
Xiao_Sophia_Technical Report.pdf,"Engineering Systems and Environment, University of Virginia",,
